player_id,player_name,ppg,fantasy_stdev,projected_ppg,last_3_avg,boom_weeks,bust_weeks,low_floor_weeks,momentum,availability_score,weekly_consistency_score,efficiency_ratio,pos_QB,pos_RB,pos_TE,pos_WR,cluster,performance_score,adjusted_score,ranked_score,draft_tier
8439,Aaron Rodgers,13.62470588235294,7.537723560239407,14.798823529411765,13.072549019607845,3.0,2.0,1.0,0.8066666666666613,1.0,1.8075358924306597,0.9206614198266954,True,False,False,False,1,5.415333270048723,4.332266616038979,122.0,9
14880,Kirk Cousins,10.371764705882352,9.658592182154525,13.316470588235294,11.571176470588236,2.0,7.0,4.0,-20.389999999999997,1.0,1.0738381443462854,0.7788673911122891,True,False,False,False,0,3.6709735893017252,2.9367788714413803,169.0,12
14881,Russell Wilson,15.3225,6.305765502413531,15.420000000000002,13.764166666666668,1.0,2.0,1.0,12.466666666666663,0.4705882352941176,2.429919094539008,0.9936770428015564,True,False,False,False,1,6.470298473489231,5.176238778791385,97.0,7
15795,DeAndre Hopkins,8.647058823529411,7.44228775705586,9.68470588235294,8.938235294117648,1.0,7.0,4.0,-4.950000000000012,1.0,1.1618818172317156,0.8928571428571429,False,False,False,True,1,4.074275156104065,4.889130187324878,102.0,7
15807,Cordarrelle Patterson,2.05,4.1,2.1275,5.341666666666667,0.0,3.0,2.0,-13.166666666666668,0.2352941176470588,0.5,0.963572267920094,False,True,False,False,0,0.6501242168697409,0.780149060243689,234.0,16
15818,Keenan Allen,10.641176470588237,9.26222562505426,9.565882352941175,9.000980392156864,5.0,9.0,4.0,27.883333333333333,1.0,1.148878995325262,1.1124092977493545,False,False,False,True,1,7.96498967883168,9.557987614598016,13.0,1
15835,Zach Ertz,9.8,7.407792155250079,8.793571428571429,9.604761904761904,0.0,5.0,3.0,2.7333333333333307,0.8235294117647058,1.322931285680647,1.114450491430428,False,False,True,False,7,4.509124546435684,4.509124546435684,114.0,8
15847,Travis Kelce,11.494117647058824,7.750199238425688,12.537058823529412,10.68627450980392,4.0,6.0,2.0,13.733333333333334,1.0,1.4830738273244242,0.9168113358044386,False,False,True,False,1,6.509169883207275,6.509169883207275,59.0,4
15864,Geno Smith,13.885,5.884655701676414,16.554166666666667,14.015555555555556,4.0,1.0,0.0,-1.5666666666666649,0.7058823529411765,2.359526317919408,0.8387616410772716,True,False,False,False,1,5.2433528699245295,4.194682295939624,128.0,9
16460,Adam Thielen,9.292857142857144,9.503235423606188,6.959285714285714,7.654047619047619,1.0,6.0,5.0,22.943333333333342,0.8235294117647058,0.9778624572188896,1.3353176639638715,False,False,False,True,7,6.499042615097952,7.798851138117542,39.0,3
16737,Mike Evans,13.088235294117649,11.729283990984976,11.635882352941175,12.400980392156862,6.0,6.0,4.0,11.68333333333334,1.0,1.1158596981859377,1.1248167433395682,False,False,False,True,1,7.252581073187229,8.703097287824674,25.0,2
16757,Derek Carr,7.880000000000001,5.884703334351982,10.735714285714286,9.664761904761905,1.0,2.0,2.0,-12.493333333333334,0.4117647058823529,1.3390649540479749,0.7339986693280106,True,False,False,False,0,2.650606774613925,2.12048541969114,203.0,14
16800,Davante Adams,12.970588235294118,11.638178804364234,12.436470588235292,12.093529411764706,4.0,5.0,4.0,14.910000000000004,1.0,1.1144860766729447,1.0429476870683947,False,False,False,True,1,7.291472800309062,8.749767360370875,24.0,2
2310331,Tyler Johnson,1.25,2.5,5.8825,8.316666666666666,0.0,3.0,2.0,-28.266666666666666,0.2352941176470588,0.5,0.2124946876328091,False,False,False,True,2,-0.39724647224728465,-0.4766957666967416,242.0,16
2468609,Taysom Hill,6.0200000000000005,10.555010658450326,3.9676470588235295,6.2739215686274505,1.0,12.0,9.0,-4.316666666666674,1.0,0.5703452317388611,1.5172720533728687,False,False,True,False,7,4.326139082213306,4.326139082213306,124.0,9
2576336,Ameer Abdullah,13.733333333333334,7.826280512904368,9.038333333333334,10.161111111111111,0.0,2.0,2.0,21.43333333333333,0.3529411764705882,1.75477141544941,1.519454176654988,False,True,False,False,7,6.3472325811445875,7.616679097373504,42.0,3
2576414,Raheem Mostert,4.890000000000001,5.646326239246188,5.13,5.448333333333333,0.0,6.0,4.0,-5.583333333333333,0.5882352941176471,0.8660498513194022,0.953216374269006,False,True,False,False,0,2.5398934326320224,3.0478721191584266,163.0,11
2577327,Tyler Lockett,7.435714285714285,5.602692641504158,9.362857142857145,8.697619047619048,0.0,7.0,2.0,-17.666666666666668,0.8235294117647058,1.3271679818077644,0.7941714983216355,False,False,False,True,7,2.3070077584474613,2.7684093101369536,177.0,12
2577417,Dak Prescott,14.7,8.040837435657226,17.32,13.934761904761904,1.0,2.0,1.0,5.356666666666664,0.4117647058823529,1.8281677894410115,0.8487297921478061,True,False,False,False,0,6.04008439041427,4.832067512331417,104.0,7
2976212,Stefon Diggs,15.24,5.6594497460947055,14.30125,15.995,1.0,0.0,0.0,-6.040000000000001,0.4705882352941176,2.6928412979576923,1.0656411152871252,False,False,False,True,1,4.580433672239422,5.4965204066873055,85.0,6
2976499,Amari Cooper,7.2176470588235295,7.656552364977795,8.971176470588235,7.275490196078431,1.0,9.0,6.0,-0.9833333333333396,1.0,0.942675856543229,0.8045374073831225,False,False,False,True,7,4.444067820096455,5.332881384115746,89.0,6
2976592,Sterling Shepard,4.8,0.0,8.51,5.533333333333334,0.0,0.0,0.0,-0.7333333333333343,0.0588235294117647,0.0,0.564042303172738,False,False,False,True,6,1.7029878029622274,2.043585363554673,205.0,14
2977187,Cooper Kupp,10.294117647058824,10.944317623099858,11.171176470588236,11.779411764705882,4.0,9.0,6.0,-25.250000000000007,1.0,0.940590176707895,0.9214891264283082,False,False,False,True,0,3.7091911644171813,4.451029397300617,118.0,8
2980453,Jamaal Williams,2.7222222222222223,3.7963066847193,4.848888888888889,4.166666666666667,0.0,8.0,5.0,-12.999999999999998,0.5294117647058824,0.7170712084931316,0.5614115490375802,False,True,False,False,5,1.5765435440666977,1.8918522528800372,208.0,14
2983509,Dare Ogunbowale,0.7,0.1414213562373095,3.03,0.75,0.0,2.0,2.0,-0.0999999999999998,0.1176470588235294,4.949747468305832,0.231023102310231,False,True,False,False,2,1.2563489986979002,1.5076187984374803,220.0,15
3040151,George Kittle,13.641176470588237,8.682385820119476,11.022941176470589,12.219607843137254,6.0,5.0,5.0,24.16666666666667,1.0,1.5711322617082826,1.2375260152622871,False,False,True,False,1,8.140130568541164,8.140130568541164,33.0,3
3042519,Aaron Jones,13.476470588235294,6.454797577361035,14.95,13.902941176470588,2.0,3.0,1.0,-7.249999999999995,1.0,2.0878223409362104,0.90143615974818,False,True,False,False,1,4.683951622068301,5.620741946481961,81.0,6
3043078,Derrick Henry,18.01764705882353,9.087507585562008,16.183529411764706,17.143137254901962,6.0,2.0,1.0,14.866666666666656,1.0,1.98268302823202,1.1133323640593196,False,True,False,False,4,8.0358639427282,9.64303673127384,12.0,1
3043116,Demarcus Robinson,5.675,2.305609102457165,9.375,9.908333333333331,1.0,1.0,0.0,-16.933333333333334,0.2352941176470588,2.4613886169828016,0.6053333333333333,False,False,False,True,2,1.421147742765487,1.7053772913185845,215.0,15
3045138,Mike Williams,2.857142857142857,4.217367718872813,6.534285714285715,3.6166666666666663,0.0,6.0,3.0,-5.316666666666666,0.4117647058823529,0.6774706517425739,0.4372540445999125,False,False,False,True,5,2.039571426593293,2.4474857119119515,191.0,13
3045147,James Conner,14.929411764705884,8.52098620362414,15.158823529411764,14.253921568627453,4.0,4.0,2.0,11.483333333333317,1.0,1.7520755705901876,0.9848661233993016,False,True,False,False,1,7.0984925539720045,8.518191064766405,29.0,2
3046439,Hunter Henry,7.636363636363637,5.541529162112698,9.446363636363635,8.784848484848483,0.0,5.0,1.0,-12.633333333333333,0.6470588235294118,1.378024623342826,0.8083918775863729,False,False,True,False,7,2.5099315373467026,2.5099315373467026,188.0,13
3046779,Jared Goff,21.110000000000003,10.032784440840125,15.489166666666668,18.980833333333333,5.0,1.0,1.0,25.55,0.7058823529411765,2.1041018198365973,1.3628880400279766,True,False,False,False,1,9.303241513967807,7.442593211174246,44.0,3
3051392,Ezekiel Elliott,5.925,4.810665234663498,9.5225,14.864166666666666,1.0,2.0,1.0,-35.75666666666666,0.2352941176470588,1.2316383932324173,0.6222105539511682,False,True,False,False,2,0.49589166359037706,0.5950699963084525,235.0,16
3051738,Marquez Valdes-Scantling,7.375,5.074363671108592,6.6725,4.074999999999999,0.0,2.0,1.0,13.2,0.2352941176470588,1.4533842030263453,1.105282877482203,False,False,False,True,6,3.8355295335694723,4.6026354402833665,111.0,8
3051876,Evan Engram,5.264705882352941,6.067839522481476,6.209411764705883,5.916666666666666,0.0,8.0,8.0,-11.083333333333334,1.0,0.8676409227447582,0.8478590375142099,False,False,True,False,7,2.826435496648418,2.826435496648418,175.0,12
3051926,Gus Edwards,4.88,6.105334643662959,7.081,3.878333333333333,1.0,8.0,5.0,10.016666666666673,0.5882352941176471,0.7993009859115917,0.6891681965824036,False,True,False,False,0,4.36709446547951,5.240513358575412,94.0,7
3052587,Baker Mayfield,19.71333333333333,9.32327246860294,16.448,17.086666666666666,7.0,2.0,2.0,39.4,0.8823529411764706,2.114422098004748,1.1985246433203631,True,False,False,False,4,10.65150655919132,8.521205247353057,28.0,2
3054212,Jonnu Smith,16.355555555555558,7.078684749144984,10.506666666666668,17.60185185185185,4.0,0.0,0.0,-11.216666666666663,0.5294117647058824,2.31053594490574,1.55668358714044,False,False,True,False,1,4.429338495754951,4.429338495754951,119.0,8
3054850,Alvin Kamara,15.605882352941178,10.877928949726323,16.222941176470588,17.637254901960784,4.0,2.0,2.0,-34.53333333333332,1.0,1.434637275630836,0.9619638130461584,False,True,False,False,0,3.382479557858414,4.058975469430097,132.0,9
3059915,Kareem Hunt,11.146153846153847,7.067839767167828,11.444615384615386,11.198717948717947,1.0,6.0,2.0,-0.68333333333333,0.7647058823529411,1.5770241280696506,0.9739212259712328,False,True,False,False,1,4.771785895428682,5.726143074514418,77.0,6
3068267,Austin Ekeler,7.476470588235294,6.892525789919534,7.709411764705883,8.673529411764706,0.0,7.0,5.0,-20.35,1.0,1.0847214527901792,0.9697848313749428,False,True,False,False,7,2.3142221671627765,2.7770666005953317,176.0,12
3116164,Mike Gesicki,5.66,5.699161731732523,7.105,3.443333333333334,0.0,8.0,4.0,22.166666666666664,0.5882352941176471,0.9931285101957236,0.796622097114708,False,False,True,False,0,5.3138316030146,5.3138316030146,90.0,6
3116165,Chris Godwin,13.78,11.791032373988482,10.953,17.006666666666668,3.0,2.0,2.0,-32.266666666666666,0.5882352941176471,1.168684773557171,1.2581028028850545,False,False,False,True,0,2.843550476777123,3.412260572132548,151.0,10
3116365,Mark Andrews,10.2,7.013023598990666,8.40235294117647,8.840196078431372,1.0,7.0,4.0,23.116666666666664,1.0,1.4544368568028223,1.2139456734808176,False,False,True,False,7,6.658238346868075,6.658238346868075,55.0,4
3116385,Joe Mixon,13.923529411764704,11.358341065697308,13.925882352941176,15.2078431372549,6.0,4.0,4.0,-21.833333333333325,1.0,1.2258418136266729,0.999831038269832,False,True,False,False,0,4.527994135111024,5.433592962133229,87.0,6
3116389,Samaje Perine,7.2,0.2828427124746193,8.735,7.6,0.0,1.0,0.0,-0.8000000000000007,0.1176470588235294,25.45584412271569,0.8242701774470521,False,True,False,False,3,4.583236733769173,5.499884080523008,84.0,6
3116406,Tyreek Hill,12.6,7.824161296905888,14.525882352941176,12.639215686274513,3.0,4.0,2.0,-0.6666666666666696,1.0,1.610396248474932,0.8674171863610594,False,False,False,True,1,5.4000369185718995,6.480044302286279,60.0,4
3117251,Christian McCaffrey,2.8117647058823527,5.557526692799277,4.848235294117647,3.537254901960784,0.0,12.0,12.0,-12.333333333333332,1.0,0.5059381378276551,0.5799563212812424,False,True,False,False,7,2.773394792775966,3.328073751331159,153.0,11
3117256,Dalton Schultz,6.358333333333333,5.03992394122504,7.6275,5.440277777777777,0.0,9.0,2.0,11.016666666666662,0.7058823529411765,1.261593112809522,0.8336064678247569,False,False,True,False,7,4.480343968416206,4.480343968416206,116.0,8
3120348,JuJu Smith-Schuster,0.0,0.0,5.45,3.816666666666668,0.0,2.0,1.0,-7.633333333333335,0.1176470588235294,0.0,0.0,False,False,False,True,2,0.4319073083778967,0.5182887700534761,239.0,16
3121023,Dallas Goedert,5.535294117647059,7.514730631938063,5.478823529411764,5.949999999999999,1.0,11.0,9.0,-7.049999999999998,1.0,0.7365924859796998,1.0103070646338843,False,False,True,False,7,3.743249802691861,3.743249802691861,138.0,10
3121409,Noah Brown,4.166666666666667,5.129571132170798,4.812222222222222,5.301851851851852,0.0,7.0,5.0,-10.216666666666669,0.5294117647058824,0.8122836313809656,0.8658508427614869,False,False,False,True,0,2.127381040463019,2.5528572485556227,186.0,13
3121422,Terry McLaurin,14.56470588235294,8.603991891592427,13.354705882352942,13.555882352941175,4.0,4.0,3.0,17.149999999999988,1.0,1.6927847057346894,1.0906047658899705,False,False,False,True,1,7.455697770987649,8.946837325185179,20.0,2
3121427,Curtis Samuel,3.5,0.0,10.9,14.933333333333335,0.0,1.0,1.0,-11.433333333333335,0.0588235294117647,0.0,0.3211009174311926,False,False,False,True,2,1.8436294951675414,2.2123553942010497,200.0,14
3122976,Jeff Wilson Jr.,3.2,0.0,6.85,3.5,0.0,1.0,0.0,-0.2999999999999998,0.0588235294117647,0.0,0.4671532846715329,False,True,False,False,6,1.3432706194621178,1.6119247433545414,219.0,15
3123076,David Njoku,8.735294117647058,9.124071266194068,7.329411764705882,8.762745098039217,2.0,8.0,5.0,-0.4666666666666703,1.0,0.9573899482802724,1.1918138041733548,False,False,True,False,7,4.694005393852108,4.694005393852108,109.0,8
3125116,D'Onta Foreman,1.1,0.8485281374238569,8.235,2.683333333333333,0.0,2.0,2.0,-3.166666666666666,0.1176470588235294,1.2963624321753373,0.1335761991499696,False,True,False,False,2,1.386161863112669,1.663394235735203,216.0,15
3126486,Deebo Samuel Sr.,9.03529411764706,7.805522177957618,13.212941176470588,8.577450980392157,2.0,10.0,4.0,7.783333333333328,1.0,1.157551527194715,0.6838215653103018,False,False,False,True,1,5.932355898027796,7.118827077633355,50.0,4
3127292,Will Dissly,7.649999999999999,7.763375554486592,9.105,13.320833333333333,0.0,1.0,1.0,-22.683333333333334,0.2352941176470588,0.9853961007436938,0.8401976935749588,False,False,True,False,0,1.7469784969502087,1.7469784969502087,212.0,15
3128390,Allen Lazard,5.1875,7.008268925585926,4.765625,5.469791666666667,1.0,11.0,7.0,-4.516666666666667,0.9411764705882352,0.7401970522365905,1.0885245901639344,False,False,False,True,7,3.6076742762340617,4.329209131480874,123.0,9
3128429,Courtland Sutton,12.911764705882351,7.893630529811772,11.89470588235294,11.84313725490196,2.0,5.0,3.0,18.166666666666668,1.0,1.6357194141680005,1.085505167894763,False,False,False,True,1,6.9482845110616775,8.337941413274013,31.0,2
3128720,Nick Chubb,4.22,5.694006874399985,5.872,4.448888888888889,0.0,11.0,7.0,-3.433333333333331,0.8823529411764706,0.741130120332826,0.7186648501362398,False,True,False,False,7,3.3767009401455534,4.052041128174664,133.0,9
3139477,Patrick Mahomes,16.648235294117647,6.587712269155087,16.154117647058825,15.129803921568628,3.0,2.0,2.0,25.813333333333325,1.0,2.5271649115684407,1.0305877212147694,True,False,False,False,4,8.353723190728793,6.682978552583035,54.0,4
3139602,D'Ernest Johnson,1.7363636363636366,3.0170425012825817,2.6563636363636363,4.136666666666667,1.0,9.0,8.0,-26.40333333333333,0.6470588235294118,0.5755184541236947,0.6536618754277893,False,True,False,False,7,0.4563038418567354,0.5475646102280824,238.0,16
3728262,Ray-Ray McCloud III,7.877777777777778,5.496311894756742,7.154444444444445,8.416666666666666,0.0,5.0,1.0,-4.8499999999999925,0.5294117647058824,1.4332843420499586,1.1011026556918777,False,False,False,True,7,3.014454504190305,3.6173454050283658,141.0,10
3886598,Jauan Jennings,12.08,12.765869675483476,9.838666666666668,13.625555555555556,3.0,7.0,4.0,-23.18333333333333,0.8823529411764706,0.9462731726926,1.2278086461580158,False,False,False,True,0,3.8348357567635873,4.601802908116305,112.0,8
3895856,Christian Kirk,9.0,6.9574899688513145,11.362857142857145,9.073809523809524,0.0,3.0,1.0,-0.5166666666666693,0.4117647058823529,1.293569957023726,0.7920543122957002,False,False,False,True,0,3.852261722186644,4.622714066623973,110.0,8
3912547,Sam Darnold,17.324285714285715,9.136958519606564,15.723571428571429,16.015238095238097,5.0,4.0,1.0,18.326666666666668,0.8235294117647058,1.8960670202354928,1.101803479761959,True,False,False,False,4,8.213465485102784,6.5707723880822275,57.0,4
3915416,DJ Moore,12.705882352941176,7.535455409946641,13.251176470588236,12.902156862745098,4.0,4.0,1.0,-3.336666666666666,1.0,1.6861465779718745,0.9588493807431082,False,False,False,True,1,5.063909126206315,6.076690951447579,71.0,5
3915486,Tyler Conklin,2.3,0.9899494936611668,8.835,7.666666666666667,0.0,1.0,1.0,-10.733333333333334,0.1176470588235294,2.3233508524700843,0.2603282399547255,False,False,True,False,2,1.2508735434766218,1.2508735434766218,229.0,16
3915511,Joe Burrow,21.16705882352941,9.725214499373449,18.024117647058823,18.49882352941177,7.0,2.0,1.0,45.36,1.0,2.1765133123689058,1.1743742044972425,True,False,False,False,4,11.556918365112692,9.245534692090153,16.0,1
3916148,Tony Pollard,11.441176470588236,6.647561472405633,12.89470588235294,13.498039215686276,2.0,3.0,1.0,-34.96666666666666,1.0,1.721108788249818,0.8872770402810091,False,True,False,False,1,1.738472927536114,2.086167513043337,204.0,14
3916387,Lamar Jackson,23.96470588235294,8.723358095973605,20.725882352941177,22.438627450980395,12.0,2.0,2.0,25.943333333333324,1.0,2.747188137721207,1.1562695124027926,True,False,False,False,4,11.154487705973223,8.92359016477858,21.0,2
3916433,Jakobi Meyers,10.84,6.992730919625446,10.201333333333334,11.73,2.0,4.0,3.0,-13.350000000000003,0.8823529411764706,1.5501811988184764,1.062606195268592,False,False,False,True,1,3.53720041711112,4.244640500533344,126.0,9
3916945,Darius Slayton,6.266666666666667,6.414254958034228,5.681666666666668,9.344444444444443,0.0,2.0,2.0,-18.466666666666665,0.3529411764705882,0.9769905792125244,1.1029627456732178,False,False,False,True,0,1.4248418700456065,1.7098102440547278,214.0,15
3917315,Kyler Murray,15.844705882352942,7.793158953247921,17.271764705882354,15.056078431372548,6.0,3.0,2.0,13.406666666666672,1.0,2.033155743057109,0.917376200531299,True,False,False,False,4,7.665718780282803,6.1325750242262425,67.0,5
3918298,Josh Allen,22.29647058823529,12.5510960383827,20.44764705882353,22.23313725490196,9.0,1.0,1.0,1.076666666666675,1.0,1.7764560577060455,1.0904174218233078,True,False,False,False,4,8.497444644230864,6.797955715384692,53.0,4
3925357,Calvin Ridley,11.111764705882353,7.968836360547032,11.867647058823527,11.560196078431373,4.0,5.0,3.0,-7.623333333333333,1.0,1.3944024200190217,0.9363073110285006,False,False,False,True,1,4.565074600127134,5.478089520152561,86.0,6
3929630,Saquon Barkley,20.9,12.300812981262665,18.10235294117647,21.12745098039216,7.0,1.0,1.0,-3.866666666666674,1.0,1.6990746897653135,1.1545460453629688,False,True,False,False,4,7.401597361026628,8.881916833231953,22.0,2
3929645,Juwan Johnson,6.175,5.785387997854102,7.31625,7.483333333333333,0.0,5.0,2.0,-10.466666666666669,0.4705882352941176,1.0673441439520412,0.8440116179736886,False,False,True,False,0,2.334113514703692,2.334113514703692,196.0,13
3929785,Nick Westbrook-Ikhine,5.55,3.295957119462165,9.1875,4.45,0.0,2.0,0.0,4.399999999999999,0.2352941176470588,1.6838811303787986,0.6040816326530613,False,False,False,True,5,2.855155818194643,3.4261869818335717,150.0,10
3932905,Diontae Johnson,5.052941176470589,8.581383749653869,7.557647058823528,5.666666666666666,2.0,14.0,9.0,-10.433333333333325,1.0,0.5888259194415353,0.6685865504358656,False,False,False,True,7,3.9711561625598844,4.765387395071861,107.0,8
4032473,Rashid Shaheed,4.694117647058824,7.863083888354118,4.169411764705882,5.698039215686274,1.0,12.0,12.0,-17.066666666666666,1.0,0.5969817585198605,1.1258465011286682,False,False,False,True,7,3.0073467371624507,3.608816084594941,142.0,10
4035538,David Montgomery,13.042352941176471,7.575519395899338,11.855882352941178,13.86098039215686,3.0,3.0,3.0,-13.916666666666668,1.0,1.7216447162997637,1.1000744232200446,False,True,False,False,1,4.112707959547908,4.935249551457489,100.0,7
4035676,Zack Moss,9.1,7.161005515987261,10.97222222222222,9.944444444444445,1.0,3.0,2.0,-7.600000000000003,0.5294117647058824,1.2707712596623266,0.829367088607595,False,True,False,False,0,3.473383845057248,4.168060614068697,129.0,9
4035687,Michael Pittman Jr.,8.976470588235294,6.787997625567194,10.590588235294115,7.798039215686274,0.0,7.0,3.0,20.03333333333333,1.0,1.3224033188263284,0.8475894245723172,False,False,False,True,7,6.123311067410442,7.34797328089253,46.0,3
4035886,Khalil Herbert,0.9090909090909092,2.599405526444285,2.6563636363636363,2.271212121212121,1.0,9.0,9.0,-14.983333333333334,0.6470588235294118,0.3497303132745318,0.3422313483915127,False,True,False,False,5,1.2537963040884614,1.5045555649061537,221.0,15
4036133,T.J. Hockenson,4.917647058823529,5.985005774236734,5.960588235294118,3.83921568627451,0.0,13.0,9.0,18.33333333333333,1.0,0.8216612054063849,0.8250271390506266,False,False,True,False,7,5.789316221129021,5.789316221129021,76.0,5
4036378,Jordan Love,13.594117647058823,8.288765784801384,13.428823529411764,13.303529411764703,3.0,4.0,3.0,4.939999999999991,1.0,1.6400653607543774,1.0123089053396994,True,False,False,False,1,6.109782785375523,4.887826228300419,103.0,7
4038441,Justice Hill,6.108333333333334,6.1102683073559705,6.0825,6.905277777777779,0.0,7.0,3.0,-9.56333333333334,0.7058823529411765,0.999683324213389,1.0042471571448146,False,True,False,False,7,2.5775326290393745,3.0930391548472493,160.0,11
4038815,Rico Dowdle,10.67058823529412,6.462368442169863,10.054117647058822,10.195098039215686,2.0,5.0,3.0,8.083333333333336,1.0,1.6511884660836926,1.0613152351977535,False,True,False,False,1,5.379819036213934,6.4557828434567215,61.0,4
4038941,Justin Herbert,17.9825,5.844190644196532,17.18,16.43875,2.0,0.0,0.0,12.349999999999998,0.4705882352941176,3.0769872331008226,1.0467112922002328,True,False,False,False,1,6.944520673162882,5.555616538530305,82.0,6
4040655,Darnell Mooney,11.36470588235294,8.508153528856202,11.55235294117647,11.99313725490196,3.0,6.0,2.0,-10.683333333333334,1.0,1.3357429251609616,0.9837568104282296,False,False,False,True,1,4.277683273594857,5.133219928313828,99.0,7
4040715,Jalen Hurts,18.536470588235293,10.224715730263894,18.51529411764706,19.216470588235296,8.0,3.0,1.0,-11.56000000000001,1.0,1.812908160700217,1.0011437285550897,True,False,False,False,4,6.431545719421532,5.145236575537226,98.0,7
4040761,Devin Singletary,5.483333333333333,5.916822447799822,7.020833333333333,6.885833333333333,0.0,9.0,4.0,-16.83,0.7058823529411765,0.9267361631533017,0.7810089020771513,False,True,False,False,7,2.171859078724677,2.606230894469612,185.0,13
4045163,Miles Sanders,3.409090909090909,3.761503567844791,5.020909090909091,4.177272727272727,0.0,9.0,6.0,-8.449999999999996,0.6470588235294118,0.9063106940090444,0.6789788158609451,False,True,False,False,5,2.28646587531972,2.7437590503836637,178.0,12
4047365,Josh Jacobs,16.558823529411764,7.613561816220564,15.460588235294116,15.418627450980392,8.0,3.0,2.0,19.38333333333333,1.0,2.174911549825927,1.0710345089982118,False,True,False,False,4,8.334625493096754,10.001550591716104,9.0,1
4047646,A.J. Brown,12.758823529411766,9.28466873557758,12.491176470588234,12.763725490196078,5.0,5.0,4.0,-0.0833333333333321,1.0,1.37418187904989,1.0214268895691077,False,False,False,True,1,5.873697241914485,7.048436690297382,52.0,4
4047650,DK Metcalf,10.405882352941177,7.837368068126831,11.990588235294116,11.066666666666666,2.0,5.0,3.0,-11.233333333333322,1.0,1.3277266376272454,0.867837519623234,False,False,False,True,1,3.9329760133587226,4.719571216030467,108.0,8
4048244,Alexander Mattison,7.978571428571429,6.010526480386603,8.132857142857143,8.075,0.0,6.0,3.0,-1.3500000000000032,0.8235294117647058,1.3274330384546011,0.9810293342701564,False,True,False,False,7,3.725358803300421,4.470430563960504,117.0,8
4239993,Tee Higgins,12.51764705882353,12.631074543270143,9.532352941176471,9.394117647058822,2.0,9.0,6.0,53.1,1.0,0.9910199655573207,1.3131749460043196,False,False,False,True,1,10.679944281990055,12.815933138388067,1.0,1
4239996,Travis Etienne Jr.,7.129411764705883,4.987705472695129,10.88529411764706,8.451960784313727,1.0,8.0,4.0,-22.483333333333334,1.0,1.4293971052892729,0.6549581194271819,False,True,False,False,7,2.277763093704083,2.7333157124448992,179.0,12
4240021,Cam Akers,9.04,3.3849667649771686,9.292,8.72,0.0,2.0,0.0,1.6000000000000003,0.2941176470588235,2.670631834124072,0.9728798966853208,False,True,False,False,6,3.452236012985944,4.142683215583133,130.0,9
4240391,Tommy DeVito,10.76,0.0,15.24,10.0,0.0,0.0,0.0,0.7599999999999998,0.0588235294117647,0.0,0.7060367454068242,True,False,False,False,6,3.4113509340744175,2.729080747259534,180.0,12
4240472,Noah Gray,8.35,2.4748737341529163,7.359999999999999,8.68,0.0,1.0,0.0,-0.6600000000000001,0.1176470588235294,3.373909498804384,1.1345108695652175,False,False,True,False,6,2.8937219237587315,2.8937219237587315,173.0,12
4241372,Hollywood Brown,0.0,0.0,0.0,0.759090909090909,0.0,10.0,10.0,-8.35,0.6470588235294118,0.0,0.0,False,False,False,True,5,1.1869227029654836,1.4243072435585804,222.0,15
4241389,CeeDee Lamb,15.494117647058824,9.755028869013875,16.315882352941177,15.139215686274513,4.0,3.0,2.0,6.033333333333331,1.0,1.5883210449817058,0.9496340628041968,False,False,False,True,4,6.843230272400692,8.21187632688083,32.0,3
4241401,Trey Sermon,3.733333333333334,1.8929694486000916,8.673333333333334,7.333333333333335,0.0,3.0,1.0,-10.800000000000002,0.1764705882352941,1.9722100301693972,0.4304381245196003,False,True,False,False,2,1.5829171083203983,1.8995005299844778,207.0,14
4241416,Chuba Hubbard,14.211764705882352,9.943772068042213,13.147647058823528,13.164705882352942,6.0,4.0,3.0,17.8,1.0,1.4292126376827188,1.08093597601897,False,True,False,False,1,7.7070943935275205,9.248513272233025,15.0,1
4241457,Najee Harris,11.117647058823527,6.12201307721954,12.312941176470588,11.62843137254902,2.0,4.0,2.0,-8.683333333333325,1.0,1.8160116482261544,0.9029237531052934,False,True,False,False,1,4.019694068460073,4.823632882152087,105.0,7
4241463,Jerry Jeudy,13.447058823529412,10.167725756471972,10.270588235294117,12.629411764705884,3.0,5.0,1.0,13.89999999999999,1.0,1.322523752666133,1.309278350515464,False,False,False,True,1,6.640598789380269,7.968718547256323,36.0,3
4241474,Brian Robinson Jr.,9.24705882352941,7.05621336545484,11.25529411764706,10.357843137254903,2.0,6.0,5.0,-18.883333333333336,1.0,1.3104845821131643,0.8215741611790529,False,True,False,False,1,3.196830441258645,3.836196529510374,136.0,9
4241478,DeVonta Smith,11.729411764705883,10.020277235803055,10.280588235294118,10.382352941176473,3.0,7.0,5.0,22.90000000000001,1.0,1.1705675889680962,1.14092807690107,False,False,False,True,1,7.602193258440792,9.12263191012895,19.0,2
4241479,Tua Tagovailoa,14.12,11.093934278594668,12.999,17.105333333333334,5.0,3.0,1.0,-29.85333333333333,0.5882352941176471,1.272767590415964,1.0862374028771442,True,False,False,False,0,3.4011067787277667,2.7208854229822137,181.0,12
4241555,Elijah Mitchell,0.0,0.0,0.0,1.3616666666666666,0.0,4.0,4.0,-5.446666666666666,0.2352941176470588,0.0,0.0,False,True,False,False,5,0.37729946524064173,0.45275935828877006,240.0,16
4241985,J.K. Dobbins,10.66470588235294,8.655774169338535,10.452352941176471,11.084313725490196,3.0,6.0,6.0,-7.133333333333338,1.0,1.232091511829256,1.0203162811638244,False,True,False,False,1,4.725111016183444,5.670133219420133,80.0,6
4242335,Jonathan Taylor,12.923529411764704,11.321358653655748,13.07470588235294,10.522549019607842,2.0,5.0,4.0,40.81666666666668,1.0,1.1415175339924069,0.9884374859405228,False,True,False,False,1,9.344433150361896,11.213319780434274,5.0,1
4242355,Jake Ferguson,5.952941176470588,5.25429796060554,7.912941176470589,7.051960784313726,1.0,10.0,5.0,-18.683333333333334,1.0,1.1329660443894072,0.752304490038656,False,False,True,False,7,2.3976434817231977,2.3976434817231977,193.0,13
4242431,Ty Chandler,3.1625,3.4020739472940837,5.7,4.7625,0.0,6.0,4.0,-12.8,0.4705882352941176,0.9295800294156938,0.5548245614035087,False,True,False,False,5,1.4710969794006734,1.765316375280808,210.0,14
4242433,Joshua Palmer,3.7,0.2828427124746188,11.51,1.8166666666666669,0.0,2.0,1.0,3.7666666666666666,0.1176470588235294,13.08147545195114,0.3214596003475239,False,False,False,True,2,3.4178871051754673,4.1014645262105605,131.0,9
4242557,Colby Parkinson,12.2,0.0,10.24,3.7,0.0,1.0,0.0,8.5,0.0588235294117647,0.0,1.19140625,False,False,True,False,6,3.353657252673797,3.353657252673797,152.0,11
4243331,Cade Otton,8.370000000000001,9.779462607366977,7.742,12.23,2.0,5.0,2.0,-38.6,0.5882352941176471,0.8558752495965156,1.0811159907000776,False,False,True,False,0,1.004244467434656,1.004244467434656,233.0,16
4243537,Gabe Davis,4.146153846153846,5.987572600063037,7.653076923076923,4.908974358974358,1.0,10.0,7.0,-9.91666666666666,0.7647058823529411,0.6924598870183545,0.5417629912554026,False,False,False,True,7,2.979821802020746,3.575786162424895,143.0,10
4248528,Christian Watson,6.194117647058824,6.200753037760344,8.195294117647059,6.465686274509804,0.0,8.0,8.0,-4.616666666666672,1.0,0.9989299056645036,0.7558139534883721,False,False,False,True,7,3.7449025699511114,4.493883083941333,115.0,8
4249417,Jalen Tolbert,6.425,3.578407467016578,6.99,5.960416666666667,0.0,4.0,2.0,3.716666666666664,0.4705882352941176,1.7954914467459202,0.919170243204578,False,False,False,True,5,3.2596127932358656,3.9115353518830385,135.0,9
4250764,Stone Smartt,8.0,0.0,7.22,6.8,0.0,1.0,0.0,1.2000000000000002,0.0588235294117647,0.0,1.10803324099723,False,False,True,False,6,2.3078960700371813,2.3078960700371813,199.0,14
4258173,Nico Collins,11.517647058823528,10.524687364366082,10.867647058823527,11.745098039215684,3.0,6.0,6.0,-3.866666666666658,1.0,1.094345766299848,1.0598105548037888,False,False,False,True,1,5.358415379605981,6.430098455527177,62.0,5
4258595,Cole Kmet,5.713333333333334,6.452891562997904,6.470666666666667,6.293333333333333,1.0,9.0,4.0,-8.7,0.8823529411764706,0.8853911889817991,0.8829589944364311,False,False,True,False,7,2.989175274629631,2.989175274629631,165.0,11
4259545,D'Andre Swift,11.882352941176473,7.421609941087381,13.908235294117649,11.198039215686274,2.0,5.0,2.0,11.633333333333336,1.0,1.6010478906192045,0.8543393672813399,False,True,False,False,1,6.227177998481968,7.472613598178362,43.0,3
4262921,Justin Jefferson,18.181176470588237,8.688168594670096,17.51058823529412,16.945882352941176,8.0,2.0,1.0,21.000000000000018,1.0,2.0926362411684534,1.0382961569470572,False,False,False,True,4,8.859704368328105,10.631645241993725,6.0,1
4360248,Kyle Pitts,7.485714285714286,7.35577817280215,8.867857142857144,9.823809523809524,1.0,6.0,5.0,-32.733333333333334,0.8235294117647058,1.0176644958371055,0.8441401530406766,False,False,True,False,0,1.4077418047720236,1.4077418047720236,223.0,15
4360294,Antonio Gibson,5.522222222222222,3.987724218704755,7.804444444444444,5.616666666666667,0.0,6.0,3.0,-0.8500000000000041,0.5294117647058824,1.3848054477588434,0.7075740318906607,False,True,False,False,5,3.063895345126679,3.6766744141520142,140.0,10
4360310,Trevor Lawrence,11.047999999999998,7.643802718542649,12.292,10.251333333333331,1.0,1.0,1.0,3.983333333333336,0.2941176470588235,1.4453538908322827,0.8987959648551903,True,False,False,False,0,4.623339717086874,3.698671773669499,139.0,10
4360438,Brandon Aiyuk,5.672727272727273,6.682079153839905,9.157272727272726,7.091212121212121,1.0,8.0,4.0,-15.603333333333335,0.6470588235294118,0.8489464345042065,0.6194778119726001,False,False,False,True,0,2.555949182884083,3.0671390194608996,162.0,11
4360516,Tyrone Tracy Jr.,9.98125,7.715457968692894,9.98,8.692708333333334,2.0,8.0,4.0,20.616666666666667,0.9411764705882352,1.2936691561928064,1.000125250501002,False,True,False,False,1,6.747368531452267,8.09684223774272,34.0,3
4360569,Jordan Mason,6.764705882352941,7.995697372373983,7.689411764705882,8.625490196078431,2.0,8.0,8.0,-31.633333333333333,1.0,0.8460432614327984,0.8797429620563035,False,True,False,False,0,1.8334325550606367,2.200119066072764,202.0,14
4360635,Chig Okonkwo,10.9,0.0,10.14,0.0,0.0,1.0,1.0,10.9,0.0588235294117647,0.0,1.0749506903353057,False,False,True,False,6,3.1885249290679156,3.1885249290679156,156.0,11
4360761,Michael Wilson,7.5,4.231784493567696,8.76,8.761111111111111,0.0,2.0,0.0,-7.566666666666666,0.3529411764705882,1.7723019712842147,0.8561643835616438,False,False,False,True,5,2.4243305881207804,2.9091967057449364,171.0,12
4360797,Tutu Atwell,6.6,6.138946706615612,6.2675,8.154166666666667,0.0,2.0,1.0,-6.216666666666668,0.2352941176470588,1.075102996559253,1.0530514559234143,False,False,False,True,0,2.3915813887950303,2.8698976665540363,174.0,12
4360939,Rashod Bateman,9.29375,7.332800170012363,7.369375,9.104166666666668,2.0,7.0,2.0,3.033333333333319,0.9411764705882352,1.2674216921943382,1.2611313713849546,False,False,False,True,7,4.600286791289079,5.520344149546895,83.0,6
4361050,Isaiah Likely,8.628571428571428,9.10672174563278,6.812857142857142,11.692857142857145,1.0,5.0,2.0,-21.450000000000003,0.4117647058823529,0.9474947922625776,1.26651289578528,False,False,True,False,0,2.3106163503498816,2.3106163503498816,197.0,14
4361307,Trey McBride,13.547058823529412,8.533032699973882,11.831176470588234,12.281372549019608,3.0,5.0,2.0,21.51666666666668,1.0,1.5876018878459093,1.145030577238602,False,False,True,False,1,7.4038126977147565,7.4038126977147565,45.0,3
4361370,Chris Olave,4.511764705882353,7.478626407381002,6.652941176470588,5.828431372549019,2.0,12.0,10.0,-22.38333333333333,1.0,0.6032878847149636,0.67816091954023,False,False,False,True,7,2.5790799212004383,3.094895905440526,159.0,11
4361409,Jahan Dotson,1.35,1.5269016246728442,4.54875,1.2458333333333331,0.0,8.0,5.0,0.8333333333333333,0.4705882352941176,0.8841434039925478,0.2967848309975268,False,False,False,True,5,2.1960304328748816,2.6352365194498577,183.0,13
4361411,Pat Freiermuth,8.53,3.763582808382932,8.331999999999999,7.55,0.0,4.0,1.0,9.799999999999994,0.5882352941176471,2.266457371683291,1.0237638022083533,False,False,True,False,5,4.259458116035656,4.259458116035656,125.0,9
4361418,Will Levis,7.02,0.0,17.24,8.933333333333332,0.0,0.0,0.0,-1.913333333333332,0.0588235294117647,0.0,0.4071925754060325,True,False,False,False,6,2.886001464074345,2.3088011712594763,198.0,14
4361432,Romeo Doubs,7.770588235294118,6.765423555281143,7.530588235294118,7.314901960784313,0.0,8.0,4.0,7.746666666666666,1.0,1.1485737990828877,1.0318700203093265,False,False,False,True,7,4.755328406610234,5.7063940879322805,78.0,6
4361529,Isiah Pacheco,3.3470588235294123,5.401402323362288,5.158823529411764,4.665686274509803,0.0,13.0,10.0,-22.416666666666668,1.0,0.6196647876149912,0.6488027366020526,False,True,False,False,7,1.947706528033059,2.3372478336396707,195.0,13
4361579,Javonte Williams,8.652941176470588,6.860950885906672,10.930588235294117,8.458823529411765,1.0,8.0,2.0,3.2999999999999927,1.0,1.2611868705028786,0.7916263050263697,False,True,False,False,1,4.75055609114658,5.700667309375896,79.0,6
4361741,Brock Purdy,15.1725,9.71226269551368,16.3125,13.388541666666669,5.0,5.0,4.0,28.543333333333333,0.9411764705882352,1.5622003312378,0.9301149425287356,True,False,False,False,1,9.142057221806223,7.313645777444979,47.0,4
4361777,Zamir White,3.071428571428572,2.4363321378076277,8.145714285714286,5.889523809523809,1.0,6.0,2.0,-19.726666666666667,0.4117647058823529,1.260677279491312,0.3770606804629954,False,True,False,False,7,0.9878031639676624,1.185363796761195,231.0,16
4362238,Chase Brown,15.0,8.234303249213013,12.75294117647059,13.531372549019608,5.0,4.0,1.0,24.96666666666666,1.0,1.8216477516095384,1.1761992619926198,False,True,False,False,1,8.04392096863382,9.652705162360585,11.0,1
4362249,Jayden Reed,11.288235294117648,9.111523085696293,11.841764705882351,13.273529411764706,2.0,5.0,2.0,-33.75,1.0,1.2388966353867297,0.9532561720729223,False,False,False,True,0,2.177927754992786,2.613513305991343,184.0,13
4362628,Ja'Marr Chase,22.2,14.071202862584276,18.31882352941177,20.96960784313725,8.0,2.0,2.0,20.916666666666664,1.0,1.5776902811223354,1.2118682165564187,False,False,False,True,4,10.205987218134428,12.247184661761313,2.0,1
4362887,Justin Fields,8.503333333333332,10.113732578364264,9.858333333333333,13.86,1.0,2.0,2.0,-32.14,0.3529411764705882,0.8407710276544222,0.862552831783601,True,False,False,False,0,1.5683331164490488,1.254666493159239,228.0,16
4366031,Tank Dell,8.235294117647058,6.984352258483834,9.898823529411764,7.719607843137256,1.0,7.0,5.0,8.766666666666667,1.0,1.179106352724938,0.831946755407654,False,False,False,True,7,5.237799774861743,6.285359729834091,65.0,5
4368003,Andrei Iosivas,2.9333333333333336,2.5890796305508514,8.043333333333335,5.866666666666667,0.0,3.0,1.0,-8.799999999999999,0.1764705882352941,1.1329637368894825,0.3646912556983008,False,False,False,True,2,1.4824125949733877,1.7788951139680653,209.0,14
4369863,Cedric Tillman,6.544444444444444,10.589630672397304,4.774444444444445,9.907407407407408,1.0,6.0,5.0,-30.266666666666666,0.5294117647058824,0.6180049755184615,1.3707237607633234,False,False,False,True,0,1.4606728002740548,1.7528073603288656,211.0,14
4372016,Jaylen Waddle,8.270588235294117,7.74215447290694,9.6,9.148039215686271,2.0,7.0,5.0,-14.916666666666664,1.0,1.0682540970005687,0.8615196078431373,False,False,False,True,1,3.3430808147331237,4.011696977679748,134.0,9
4372019,Jerome Ford,9.618181818181816,8.504095270141107,9.92090909090909,8.943939393939393,1.0,4.0,4.0,7.416666666666671,0.6470588235294118,1.1310058874754614,0.9694859342069092,False,True,False,False,0,5.104667535004533,6.12560104200544,68.0,5
4372096,Luke Schoonmaker,11.4,4.384062043356594,8.79,14.7,0.0,1.0,1.0,-6.6,0.1176470588235294,2.6003281630731108,1.2969283276450514,False,False,True,False,6,3.5171786902634796,3.5171786902634796,146.0,10
4372414,Elijah Moore,6.911111111111111,7.132398692663719,8.147777777777778,8.218518518518518,0.0,6.0,2.0,-11.766666666666667,0.5294117647058824,0.9689743112958308,0.8482203736533479,False,False,False,True,0,2.6354314439145017,3.162517732697402,158.0,11
4372561,Isaac Guerendo,13.05,10.992270011239716,10.5075,15.270833333333332,1.0,2.0,2.0,-8.883333333333331,0.2352941176470588,1.187197911501103,1.2419700214132765,False,True,False,False,0,4.418339278345559,5.30200713401467,91.0,6
4373626,Tyler Allgeier,5.723529411764706,4.836906218307926,6.8488235294117645,6.041176470588235,0.0,11.0,3.0,-5.400000000000003,1.0,1.1833037800279995,0.8356952675427296,False,True,False,False,7,3.1881304252403053,3.8257565102883664,137.0,10
4373678,Khalil Shakir,10.735294117647058,6.590992070287161,9.781176470588235,10.88823529411765,1.0,5.0,3.0,-2.6000000000000245,1.0,1.6287827391027851,1.0975463074332452,False,False,False,True,1,4.374729727197828,5.249675672637393,93.0,7
4374302,Amon-Ra St. Brown,17.79294117647059,10.116600074077434,16.36294117647059,16.077254901960785,6.0,3.0,1.0,29.16666666666666,1.0,1.758786652253147,1.0873926016464752,False,False,False,True,4,9.396598477231425,11.27591817267771,4.0,1
4379399,James Cook,15.170588235294115,9.360873670889536,13.996470588235294,15.335294117647058,4.0,4.0,2.0,-2.7999999999999936,1.0,1.6206380695502434,1.083886694124569,False,True,False,False,1,5.887977397794621,7.065572877353545,51.0,4
4385690,Dalton Kincaid,5.929411764705883,4.501633690378744,8.141764705882352,6.725490196078432,0.0,8.0,5.0,-13.533333333333328,1.0,1.317168870798773,0.7282710786792862,False,False,True,False,7,2.5282188157445584,2.5282188157445584,187.0,13
4421446,Craig Reynolds,5.949999999999999,3.747665940288702,5.285,4.85,0.0,2.0,0.0,2.2,0.1176470588235294,1.587654848324512,1.1258278145695362,False,True,False,False,6,2.4421632420005706,2.9305958904006846,170.0,12
4426338,Bo Nix,16.72888888888889,7.982381293267763,15.45,14.842962962962964,2.0,1.0,1.0,16.973333333333333,0.5294117647058824,2.0957266101780703,1.0827759798633585,True,False,False,False,1,7.244134621200025,5.79530769696002,75.0,5
4426348,Jayden Daniels,20.68235294117647,9.703919008197,20.30235294117647,19.617254901960784,10.0,2.0,1.0,18.10666666666666,1.0,2.131340226943967,1.0187170423596223,True,False,False,False,4,9.596600338952815,7.677280271162252,41.0,3
4426354,George Pickens,9.611764705882353,7.29193752998313,10.713529411764704,11.612549019607842,3.0,6.0,4.0,-34.01333333333333,1.0,1.3181359091956717,0.8971613682534454,False,False,False,True,1,1.948340419213983,2.3380085030567797,194.0,13
4426385,Zach Charbonnet,10.458823529411765,9.767296121722314,9.988235294117649,10.36470588235294,2.0,8.0,3.0,1.6000000000000032,1.0,1.070800290998806,1.0471142520612484,False,True,False,False,1,5.2997250336967925,6.359670040436151,64.0,5
4426386,Roschon Johnson,5.0,3.099462318962221,6.5425,6.262499999999999,0.0,3.0,1.0,-5.049999999999999,0.2352941176470588,1.6131830251364785,0.7642338555598013,False,True,False,False,5,2.0424703015732324,2.4509643618878787,190.0,13
4426388,Jameson Williams,11.929411764705884,9.260518661627597,9.536470588235296,10.819607843137256,3.0,5.0,5.0,18.866666666666674,1.0,1.288201255307358,1.2509252405625464,False,False,False,True,1,6.995618365476601,8.394742038571922,30.0,2
4426485,Jonathan Mingo,3.0500000000000003,2.9240383034426896,7.439999999999999,9.020833333333334,1.0,3.0,1.0,-23.883333333333333,0.2352941176470588,1.0430779912865733,0.4099462365591398,False,False,False,True,2,0.4763506044486784,0.571620725338414,236.0,16
4426502,Drake London,14.123529411764704,7.482941384556335,14.932941176470589,12.855882352941178,1.0,3.0,2.0,21.55,1.0,1.887430180986523,0.9457968959268888,False,False,False,True,1,7.3435019456951105,8.812202334834133,23.0,2
4426515,Puka Nacua,12.152941176470588,12.204564599313796,11.241176470588234,11.164705882352942,3.0,7.0,7.0,16.799999999999997,1.0,0.9957701544841584,1.0811093668236524,False,False,False,True,1,7.60366069545758,9.124392834549095,18.0,2
4427095,DeMario Douglas,8.311764705882354,5.682746073966043,8.381764705882354,8.166666666666668,2.0,7.0,2.0,2.4666666666666623,1.0,1.4626317272841811,0.9916485367394204,False,False,False,True,1,4.314899007553425,5.17787880906411,96.0,7
4427366,Breece Hall,13.1,9.14460223301156,15.701764705882354,13.69901960784314,4.0,5.0,2.0,-10.183333333333335,1.0,1.4325390723622349,0.834301127636459,False,True,False,False,1,5.066263037582037,6.079515645098445,70.0,5
4427985,Bub Means,6.7,0.0,7.44,11.133333333333333,0.0,1.0,0.0,-4.433333333333333,0.0588235294117647,0.0,0.9005376344086021,False,False,False,True,6,2.0726691967109425,2.4872030360531308,189.0,13
4428209,Ricky Pearsall,7.25,8.678133439859058,7.272500000000001,8.479166666666666,0.0,2.0,1.0,-4.916666666666665,0.2352941176470588,0.8354331090024985,0.996906153317291,False,False,False,True,0,2.893706074529628,3.4724472894355536,148.0,10
4428331,Rashee Rice,8.1125,11.72207167209424,8.553749999999999,11.020833333333334,1.0,5.0,5.0,-23.26666666666667,0.4705882352941176,0.6920704997319503,0.9484144381119394,False,False,False,True,0,2.6594146828999015,3.1912976194798817,155.0,11
4428557,Tyjae Spears,7.1,8.123710154028556,6.9575,5.230208333333334,2.0,10.0,6.0,29.916666666666668,0.9411764705882352,0.8739848991878547,1.020481494789795,False,True,False,False,7,7.105793456235858,8.52695214748303,27.0,2
4428718,Tre Tucker,2.3,3.2526911934581184,10.855,12.650000000000002,0.0,1.0,0.0,-20.700000000000003,0.1176470588235294,0.7071067811865475,0.2118839244587747,False,False,False,True,2,0.9449389961751792,1.133926795410215,232.0,16
4428850,Dontayvion Wicks,5.381818181818182,8.066327315676967,6.420909090909091,5.766666666666667,1.0,8.0,6.0,-4.233333333333333,0.6470588235294118,0.6671956109887307,0.8381707489735241,False,False,False,True,0,3.504983009566294,4.2059796114795525,127.0,9
4429013,Tank Bigsby,6.929411764705883,7.922339041113612,6.503529411764706,6.614705882352941,2.0,10.0,7.0,5.350000000000003,1.0,0.8746674093023722,1.0654848046309695,False,True,False,False,7,5.02364893762459,6.028378725149508,72.0,5
4429022,Kayshon Boutte,6.983333333333333,7.409026026858502,7.503333333333333,4.808333333333333,1.0,4.0,2.0,13.05,0.3529411764705882,0.9425440412839708,0.9306974677920924,False,False,False,True,0,4.4527462465822865,5.343295495898744,88.0,6
4429023,MarShawn Lloyd,0.5599999999999999,1.2521980673998825,0.2299999999999999,2.7333333333333334,0.0,5.0,3.0,-10.866666666666667,0.2941176470588235,0.4472135954999578,2.4347826086956523,False,True,False,False,6,0.46227078048372566,0.5547249365804707,237.0,16
4429025,Quentin Johnston,8.384615384615385,7.189905673215998,9.186923076923076,7.811538461538461,1.0,7.0,5.0,7.450000000000004,0.7647058823529411,1.166164865813184,0.9126685087498954,False,False,False,True,7,5.078774713928086,6.094529656713703,69.0,5
4429084,Anthony Richardson,10.21,9.636342321302898,11.465625,11.155208333333333,4.0,6.0,4.0,-15.123333333333331,0.9411764705882352,1.0595306455052895,0.8904878713545925,True,False,False,False,0,4.0213670280682745,3.2170936224546196,154.0,11
4429096,Blake Corum,1.4333333333333331,1.5451537140362444,2.891111111111111,2.163703703703704,0.0,9.0,6.0,-6.573333333333335,0.5294117647058824,0.927631549089822,0.495772482705611,False,True,False,False,5,1.673889484122943,2.0086673809475317,206.0,14
4429148,Theo Johnson,8.65,2.4748737341529163,8.379999999999999,4.483333333333333,0.0,2.0,0.0,8.333333333333334,0.1176470588235294,3.4951278041506493,1.032219570405728,False,False,True,False,6,3.542412257654499,3.542412257654499,145.0,10
4429160,De'Von Achane,16.576470588235296,10.172728825870957,16.545294117647057,16.658823529411762,8.0,3.0,1.0,-1.4000000000000004,1.0,1.6295008814231389,1.001884310449035,False,True,False,False,4,6.744063841185203,8.092876609422243,35.0,3
4429205,Jordan Addison,12.441176470588236,10.866177963268033,9.631176470588237,11.826470588235296,3.0,8.0,3.0,10.449999999999996,1.0,1.144945031513778,1.29176082574971,False,False,False,True,1,6.604700668176661,7.925640801811992,37.0,3
4429275,Trey Benson,2.75,0.0707106781186545,5.33,9.183333333333334,0.0,1.0,0.0,-12.866666666666667,0.1176470588235294,38.89087296526025,0.5159474671669794,False,True,False,False,3,4.090167712366917,4.9082012548403,101.0,7
4429501,Ray Davis,6.414285714285714,6.4821479278277625,4.087857142857144,6.266666666666667,0.0,9.0,4.0,2.0666666666666678,0.8235294117647058,0.9895309063758454,1.5691071116547264,False,True,False,False,7,3.7908901407362934,4.549068168883552,113.0,8
4429615,Zay Flowers,12.141176470588237,8.11049157137912,13.54,12.115686274509804,3.0,5.0,3.0,0.4333333333333273,1.0,1.496971714197063,0.8966895473108002,False,False,False,True,1,5.521304446483487,6.625565335780185,56.0,4
4429795,Jahmyr Gibbs,18.641176470588235,7.660455177690929,16.37764705882353,17.188235294117646,5.0,2.0,1.0,24.70000000000001,1.0,2.433429350892331,1.138208462035773,False,True,False,False,4,8.830831983104405,10.596998379725285,7.0,1
4430027,Sam LaPorta,9.488235294117649,6.257283990772392,9.42235294117647,9.509803921568627,1.0,7.0,2.0,-0.3666666666666662,1.0,1.5163504338479656,1.0069921338494194,False,False,True,False,1,4.348577458969624,4.348577458969624,121.0,8
4430034,Xavier Legette,7.005882352941177,5.524204760442368,8.025294117647059,7.8539215686274515,0.0,8.0,4.0,-14.416666666666671,1.0,1.2682155453593578,0.8729751520926483,False,False,False,True,7,2.64852971185849,3.1782356542301877,157.0,11
4430104,Sincere McCormick,7.7,4.525483399593905,9.715,7.233333333333333,0.0,0.0,0.0,0.9333333333333336,0.1176470588235294,1.7014756922301295,0.7925887802367473,False,True,False,False,6,2.974441963413725,3.56933035609647,144.0,10
4430539,Brenton Strange,1.1,1.5556349186104046,9.32,4.95,0.0,2.0,1.0,-7.7,0.1176470588235294,0.7071067811865476,0.1180257510729613,False,False,True,False,2,1.1971285917903132,1.1971285917903132,230.0,16
4430637,Ja'Lynn Polk,1.6,0.0,9.56,1.1,0.0,1.0,1.0,0.5,0.0588235294117647,0.0,0.1673640167364016,False,False,False,True,2,1.3623806860134697,1.6348568232161635,217.0,15
4430737,Kyren Williams,16.00588235294118,7.059786698994108,17.02235294117647,14.962745098039216,4.0,2.0,2.0,17.733333333333327,1.0,2.2671906440490237,0.9402861289653744,False,True,False,False,4,7.726507017954427,9.271808421545312,14.0,1
4430807,Bijan Robinson,18.258823529411764,7.606087925432612,18.571176470588235,17.477450980392156,8.0,1.0,1.0,13.283333333333358,1.0,2.4005538337729977,0.9831807671597352,False,True,False,False,4,8.143691530917351,9.772429837100821,10.0,1
4430834,Jalen McMillan,8.15,9.93976860897677,8.74,7.272222222222222,1.0,3.0,3.0,5.266666666666669,0.3529411764705882,0.819938604268876,0.9324942791762014,False,False,False,True,0,4.406730141616484,5.288076169939781,92.0,7
4430878,Jaxon Smith-Njigba,14.57058823529412,9.241940049705631,12.653529411764708,14.107843137254903,5.0,4.0,1.0,7.866666666666664,1.0,1.5765724682187494,1.1515038817349263,False,False,False,True,1,6.560785804603609,7.87294296552433,38.0,3
4430968,Kimani Vidal,2.8,1.0099504938362078,6.92,5.333333333333334,0.0,5.0,1.0,-12.666666666666668,0.2941176470588235,2.772413120334688,0.4046242774566473,False,True,False,False,2,1.1697974732139123,1.4037569678566946,224.0,15
4431299,Rome Odunze,8.299999999999999,6.445153217728807,9.91,7.988235294117648,2.0,9.0,3.0,5.299999999999997,1.0,1.287789400749858,0.8375378405650857,False,False,False,True,1,5.006246886651035,6.007496263981242,74.0,5
4431452,Drake Maye,14.57,3.6464229047108616,16.0075,12.781666666666668,0.0,1.0,0.0,7.153333333333332,0.2352941176470588,3.995696709006744,0.9101983445260036,True,False,False,False,6,5.481828370535515,4.385462696428412,120.0,8
4431611,Caleb Williams,9.0,2.0730010451838496,16.25,9.5325,0.0,0.0,0.0,-2.129999999999999,0.2352941176470588,4.341531819730371,0.5538461538461539,True,False,False,False,6,3.62328846694613,2.898630773556904,172.0,12
4432577,C.J. Stroud,12.610588235294117,5.602263460633831,15.702941176470588,13.012941176470587,1.0,2.0,1.0,-6.840000000000003,1.0,2.250980933672008,0.8030717362802023,True,False,False,False,1,4.376616974438304,3.501293579550643,147.0,10
4432665,Brock Bowers,14.570588235294116,8.740263490441976,12.273529411764706,14.190196078431372,4.0,4.0,1.0,6.4666666666666615,1.0,1.6670651006377517,1.1871555236041216,False,False,True,False,1,6.281405864258247,6.281405864258247,66.0,5
4432708,Marvin Harrison Jr.,10.541176470588235,8.399409117873219,12.818235294117647,10.388235294117647,2.0,7.0,3.0,2.600000000000004,1.0,1.2549902407012798,0.8223578541599743,False,False,False,True,1,5.438582206505274,6.526298647806328,58.0,4
4432773,Brian Thomas Jr.,15.688235294117646,9.02558047668827,12.231764705882354,13.934313725490195,5.0,4.0,1.0,29.816666666666677,1.0,1.738196821205907,1.28258151389824,False,False,False,True,1,8.610667200359025,10.332800640430829,8.0,1
4567048,Kenneth Walker III,10.658823529411764,10.0450895232154,10.709411764705882,12.699019607843136,4.0,6.0,5.0,-34.68333333333333,1.0,1.0610979130427811,0.995276282544216,False,True,False,False,0,2.4986713897663497,2.9984056677196196,164.0,11
4569173,Rhamondre Stevenson,10.347058823529412,8.269077763500809,12.331764705882351,11.17058823529412,3.0,6.0,4.0,-14.0,1.0,1.2512953825637827,0.8390574317878269,False,True,False,False,1,4.0189856675053,4.822782801006359,106.0,7
4569382,Jordan Whittington,0.0,0.0,10.13,7.300000000000001,0.0,1.0,1.0,-7.300000000000001,0.0588235294117647,0.0,0.0,False,False,False,True,2,1.1080748663101603,1.3296898395721923,226.0,15
4569587,Wan'Dale Robinson,9.55,5.421148047586061,10.195714285714288,8.710714285714285,0.0,4.0,2.0,11.75,0.8235294117647058,1.7616194791530255,0.9366680678156086,False,False,False,True,7,5.013581234340725,6.01629748120887,73.0,5
4569618,Garrett Wilson,14.282352941176471,7.984691234960001,14.588823529411764,13.968627450980392,3.0,2.0,1.0,5.333333333333329,1.0,1.7887169986790374,0.9789927825490908,False,False,False,True,1,5.99323075191728,7.191876902300736,48.0,4
4569682,Audric Estime,5.5,0.0,8.52,14.533333333333337,0.0,0.0,0.0,-9.033333333333337,0.0588235294117647,0.0,0.6455399061032864,False,True,False,False,6,1.8385784941377317,2.2062941929652777,201.0,14
4569987,Jaylen Warren,7.176470588235294,5.375468515832447,8.299999999999999,6.216666666666667,0.0,8.0,4.0,16.316666666666666,1.0,1.3350409489141886,0.8646350106307583,False,True,False,False,7,5.325904399722365,6.391085279666838,63.0,5
4572680,Tucker Kraft,9.592307692307692,6.889177689011167,8.081538461538461,10.883333333333336,1.0,4.0,2.0,-16.783333333333335,0.7647058823529411,1.3923733898761603,1.18694079573577,False,False,True,False,7,2.637003991892927,2.637003991892927,182.0,13
4573697,Mason Tipton,0.0,0.0,4.105,3.7,0.0,1.0,1.0,-7.399999999999999,0.1176470588235294,0.0,0.0,False,False,False,True,2,0.22933155080213916,0.275197860962567,241.0,16
4595348,Malik Nabers,15.070588235294116,10.362900457031946,13.846470588235295,12.78137254901961,4.0,4.0,4.0,38.91666666666666,1.0,1.4542828330525628,1.0884064743616977,False,False,False,True,1,9.68369889124199,11.620438669490389,3.0,1
4596448,Bucky Irving,13.411764705882351,8.330282284603353,10.606470588235297,13.02941176470588,3.0,5.0,2.0,6.500000000000014,1.0,1.610001227770033,1.2644889357218123,False,True,False,False,1,5.977492682447158,7.172991218936589,49.0,4
4597500,Adonai Mitchell,2.6,1.9798989873223332,7.455,9.683333333333334,1.0,1.0,1.0,-14.166666666666668,0.1176470588235294,1.3131983079178735,0.3487592219986586,False,False,False,True,2,1.1210154766117328,1.3452185719340795,225.0,15
4599739,Kendre Miller,1.8,2.341651838624464,3.878571428571429,1.0523809523809524,0.0,7.0,4.0,5.2333333333333325,0.4117647058823529,0.7686881415545354,0.4640883977900553,False,True,False,False,5,2.4500435271033747,2.9400522325240495,168.0,12
4612826,Ladd McConkey,13.2,8.548976546932387,11.260000000000002,11.587254901960783,2.0,4.0,2.0,27.416666666666643,1.0,1.544044474509236,1.172291296625222,False,False,False,True,1,7.611748535154024,9.134098242184828,17.0,2
4635008,Keon Coleman,5.5625,5.559601304650062,7.193125,6.307291666666667,1.0,9.0,6.0,-11.916666666666671,0.9411764705882352,1.0005213854719246,0.773307846033539,False,False,False,True,7,2.856441546067614,3.427729855281137,149.0,10
4678008,Jonathon Brooks,0.5357142857142857,1.9008529028417107,1.092857142857143,0.7214285714285714,0.0,12.0,12.0,-2.6,0.8235294117647058,0.2818283755220674,0.4901960784313725,False,True,False,False,5,2.4769460698690775,2.972335283842893,167.0,12
4682745,Jaylen Wright,0.7000000000000001,0.8888194417315589,2.8266666666666667,0.9,0.0,3.0,3.0,-0.6000000000000001,0.1764705882352941,0.7875615306482168,0.2476415094339622,False,True,False,False,5,1.084287248792336,1.3011446985508033,227.0,16
4683062,Xavier Worthy,11.011764705882351,7.645495598139893,10.505882352941176,9.57843137254902,2.0,7.0,4.0,24.366666666666664,1.0,1.440294427553062,1.0481522956326987,False,False,False,True,1,7.236062492669533,8.68327499120344,26.0,2
4685247,Braelon Allen,3.9066666666666663,3.787095884460181,5.914666666666666,5.64,1.0,11.0,7.0,-26.0,0.8823529411764706,1.0315732122593273,0.6605049594229035,False,True,False,False,7,1.3475327573320197,1.6170393087984236,218.0,15
4686472,Marvin Mims Jr.,1.3,1.1269427669584644,4.58,0.8999999999999998,0.0,3.0,2.0,1.2000000000000006,0.1764705882352941,1.153563462240948,0.2838427947598253,False,False,False,True,5,1.429165419290412,1.7149985031484942,213.0,15
4688813,Josh Downs,9.652941176470588,8.33442541863706,8.450000000000001,8.709803921568627,2.0,9.0,6.0,16.03333333333333,1.0,1.1582011586407772,1.142359902540898,False,False,False,True,7,6.498278628290118,7.797934353948141,40.0,3
4697815,Rachaad White,11.741176470588234,7.903880283089552,11.407058823529413,12.140196078431371,2.0,4.0,2.0,-6.783333333333335,1.0,1.4854952314635412,1.0292904290429044,False,True,False,False,1,4.356705816619243,5.228046979943092,95.0,7
4714365,Carson Steele,4.0,6.222539674441618,11.16,9.116666666666667,0.0,1.0,0.0,-10.233333333333334,0.1176470588235294,0.642824346533225,0.3584229390681003,False,True,False,False,2,2.034978850199982,2.4419746202399786,192.0,13
4722893,Jaleel McLaughlin,4.1125,2.673380684772426,6.2425,4.470833333333333,0.0,7.0,4.0,-2.866666666666664,0.4705882352941176,1.538314398478599,0.65879054865839,False,True,False,False,5,2.5727491394427457,3.0872989673312947,161.0,11
4887558,Emanuel Wilson,9.9,0.0,3.93,2.5,0.0,1.0,0.0,7.4,0.0588235294117647,0.0,2.519083969465649,False,True,False,False,6,2.4825370453524918,2.97904445442299,166.0,11
