player_id,player_name,position,ppg,fantasy_stdev,projected_ppg,last_3_avg,boom_weeks,bust_weeks,low_floor_weeks,momentum,availability_score,weekly_consistency_score,efficiency_ratio
8439,Aaron Rodgers,QB,13.624705882352941,7.537723560239407,14.798823529411763,13.072549019607845,3.0,2.0,1.0,0.8066666666666613,1.0,1.8075358924306593,0.9206614198266954
14880,Kirk Cousins,QB,10.371764705882352,9.658592182154523,13.316470588235294,11.571176470588235,2.0,7.0,4.0,-20.389999999999993,1.0,1.0738381443462854,0.7788673911122891
14881,Russell Wilson,QB,15.3225,6.305765502413531,15.420000000000002,13.764166666666668,1.0,2.0,1.0,12.466666666666665,0.47058823529411764,2.4299190945390077,0.9936770428015563
15795,DeAndre Hopkins,WR,8.647058823529411,7.44228775705586,9.68470588235294,8.938235294117648,1.0,7.0,4.0,-4.950000000000012,1.0,1.1618818172317156,0.8928571428571429
15807,Cordarrelle Patterson,RB,2.05,4.1,2.1275,5.341666666666667,0.0,3.0,2.0,-13.166666666666668,0.23529411764705882,0.5,0.963572267920094
15818,Keenan Allen,WR,10.641176470588235,9.26222562505426,9.565882352941177,9.000980392156864,5.0,9.0,4.0,27.883333333333333,1.0,1.148878995325262,1.1124092977493543
15835,Zach Ertz,TE,9.799999999999999,7.407792155250079,8.793571428571429,9.604761904761904,0.0,5.0,3.0,2.7333333333333307,0.8235294117647058,1.322931285680647,1.114450491430428
15847,Travis Kelce,TE,11.494117647058824,7.750199238425688,12.537058823529412,10.686274509803921,4.0,6.0,2.0,13.733333333333334,1.0,1.4830738273244242,0.9168113358044386
15864,Geno Smith,QB,13.885,5.884655701676414,16.554166666666667,14.015555555555556,4.0,1.0,0.0,-1.5666666666666647,0.7058823529411765,2.359526317919408,0.8387616410772716
16460,Adam Thielen,WR,9.292857142857143,9.503235423606188,6.959285714285714,7.654047619047619,1.0,6.0,5.0,22.943333333333342,0.8235294117647058,0.9778624572188896,1.3353176639638715
16737,Mike Evans,WR,13.088235294117647,11.729283990984976,11.635882352941177,12.400980392156862,6.0,6.0,4.0,11.68333333333334,1.0,1.1158596981859377,1.1248167433395682
16757,Derek Carr,QB,7.880000000000001,5.884703334351982,10.735714285714286,9.664761904761905,1.0,2.0,2.0,-12.493333333333334,0.4117647058823529,1.3390649540479749,0.7339986693280106
16800,Davante Adams,WR,12.970588235294118,11.638178804364234,12.436470588235293,12.093529411764706,4.0,5.0,4.0,14.910000000000004,1.0,1.1144860766729447,1.0429476870683947
2310331,Tyler Johnson,WR,1.25,2.5,5.8825,8.316666666666666,0.0,3.0,2.0,-28.266666666666666,0.23529411764705882,0.5,0.21249468763280918
2468609,Taysom Hill,TE,6.0200000000000005,10.555010658450326,3.9676470588235295,6.2739215686274505,1.0,12.0,9.0,-4.316666666666674,1.0,0.5703452317388611,1.5172720533728687
2576336,Ameer Abdullah,RB,13.733333333333334,7.826280512904368,9.038333333333334,10.161111111111111,0.0,2.0,2.0,21.43333333333333,0.35294117647058826,1.75477141544941,1.519454176654988
2576414,Raheem Mostert,RB,4.890000000000001,5.646326239246188,5.13,5.448333333333333,0.0,6.0,4.0,-5.583333333333333,0.5882352941176471,0.8660498513194022,0.953216374269006
2577327,Tyler Lockett,WR,7.435714285714285,5.602692641504158,9.362857142857143,8.697619047619048,0.0,7.0,2.0,-17.666666666666668,0.8235294117647058,1.3271679818077644,0.7941714983216355
2577417,Dak Prescott,QB,14.700000000000001,8.040837435657226,17.32,13.934761904761904,1.0,2.0,1.0,5.356666666666664,0.4117647058823529,1.8281677894410113,0.8487297921478061
2976212,Stefon Diggs,WR,15.24,5.6594497460947055,14.30125,15.995000000000001,1.0,0.0,0.0,-6.040000000000001,0.47058823529411764,2.6928412979576923,1.0656411152871252
2976499,Amari Cooper,WR,7.2176470588235295,7.656552364977795,8.971176470588235,7.275490196078431,1.0,9.0,6.0,-0.9833333333333396,1.0,0.942675856543229,0.8045374073831225
2976592,Sterling Shepard,WR,4.8,0.0,8.51,5.533333333333334,0.0,0.0,0.0,-0.7333333333333343,0.058823529411764705,0.0,0.564042303172738
2977187,Cooper Kupp,WR,10.294117647058824,10.944317623099858,11.171176470588236,11.779411764705882,4.0,9.0,6.0,-25.250000000000007,1.0,0.940590176707895,0.9214891264283082
2980453,Jamaal Williams,RB,2.7222222222222223,3.7963066847193003,4.848888888888889,4.166666666666667,0.0,8.0,5.0,-12.999999999999998,0.5294117647058824,0.7170712084931316,0.5614115490375802
2983509,Dare Ogunbowale,RB,0.7,0.14142135623730953,3.0300000000000002,0.75,0.0,2.0,2.0,-0.09999999999999987,0.11764705882352941,4.949747468305832,0.231023102310231
3040151,George Kittle,TE,13.641176470588235,8.682385820119476,11.022941176470589,12.219607843137254,6.0,5.0,5.0,24.16666666666667,1.0,1.5711322617082826,1.2375260152622871
3042519,Aaron Jones,RB,13.476470588235294,6.454797577361035,14.950000000000001,13.902941176470588,2.0,3.0,1.0,-7.249999999999995,1.0,2.0878223409362104,0.9014361597481801
3043078,Derrick Henry,RB,18.01764705882353,9.087507585562008,16.183529411764706,17.143137254901962,6.0,2.0,1.0,14.866666666666655,1.0,1.9826830282320196,1.1133323640593196
3043116,Demarcus Robinson,WR,5.675,2.305609102457165,9.375,9.908333333333333,1.0,1.0,0.0,-16.933333333333334,0.23529411764705882,2.4613886169828016,0.6053333333333333
3045138,Mike Williams,WR,2.857142857142857,4.217367718872813,6.534285714285715,3.6166666666666667,0.0,6.0,3.0,-5.316666666666666,0.4117647058823529,0.6774706517425739,0.4372540445999125
3045147,James Conner,RB,14.929411764705883,8.52098620362414,15.158823529411764,14.253921568627453,4.0,4.0,2.0,11.483333333333317,1.0,1.7520755705901876,0.9848661233993016
3046439,Hunter Henry,TE,7.636363636363637,5.541529162112698,9.446363636363635,8.784848484848483,0.0,5.0,1.0,-12.633333333333333,0.6470588235294118,1.378024623342826,0.8083918775863729
3046779,Jared Goff,QB,21.110000000000003,10.032784440840123,15.489166666666668,18.980833333333333,5.0,1.0,1.0,25.549999999999997,0.7058823529411765,2.1041018198365973,1.3628880400279766
3051392,Ezekiel Elliott,RB,5.925,4.810665234663498,9.5225,14.864166666666666,1.0,2.0,1.0,-35.75666666666666,0.23529411764705882,1.2316383932324173,0.6222105539511682
3051738,Marquez Valdes-Scantling,WR,7.375,5.074363671108592,6.6725,4.074999999999999,0.0,2.0,1.0,13.200000000000001,0.23529411764705882,1.4533842030263453,1.105282877482203
3051876,Evan Engram,TE,5.264705882352941,6.067839522481476,6.209411764705883,5.916666666666666,0.0,8.0,8.0,-11.083333333333334,1.0,0.8676409227447582,0.8478590375142099
3051926,Gus Edwards,RB,4.88,6.105334643662959,7.081,3.878333333333333,1.0,8.0,5.0,10.016666666666671,0.5882352941176471,0.7993009859115917,0.6891681965824036
3052587,Baker Mayfield,QB,19.71333333333333,9.323272468602939,16.448,17.086666666666666,7.0,2.0,2.0,39.4,0.8823529411764706,2.114422098004748,1.1985246433203631
3054212,Jonnu Smith,TE,16.355555555555558,7.078684749144984,10.506666666666668,17.60185185185185,4.0,0.0,0.0,-11.216666666666665,0.5294117647058824,2.31053594490574,1.55668358714044
3054850,Alvin Kamara,RB,15.605882352941178,10.877928949726325,16.222941176470588,17.637254901960784,4.0,2.0,2.0,-34.53333333333332,1.0,1.434637275630836,0.9619638130461583
3059915,Kareem Hunt,RB,11.146153846153847,7.067839767167828,11.444615384615386,11.198717948717947,1.0,6.0,2.0,-0.68333333333333,0.7647058823529411,1.5770241280696506,0.9739212259712328
3068267,Austin Ekeler,RB,7.476470588235294,6.892525789919534,7.709411764705883,8.673529411764706,0.0,7.0,5.0,-20.35,1.0,1.0847214527901792,0.9697848313749429
3116164,Mike Gesicki,TE,5.66,5.699161731732523,7.1049999999999995,3.443333333333334,0.0,8.0,4.0,22.166666666666664,0.5882352941176471,0.9931285101957236,0.796622097114708
3116165,Chris Godwin,WR,13.780000000000001,11.791032373988482,10.953,17.006666666666668,3.0,2.0,2.0,-32.266666666666666,0.5882352941176471,1.168684773557171,1.2581028028850545
3116365,Mark Andrews,TE,10.200000000000001,7.013023598990666,8.40235294117647,8.840196078431372,1.0,7.0,4.0,23.116666666666664,1.0,1.4544368568028223,1.2139456734808176
3116385,Joe Mixon,RB,13.923529411764704,11.358341065697308,13.925882352941175,15.2078431372549,6.0,4.0,4.0,-21.833333333333325,1.0,1.2258418136266729,0.9998310382698319
3116389,Samaje Perine,RB,7.2,0.2828427124746193,8.735,7.6000000000000005,0.0,1.0,0.0,-0.8000000000000007,0.11764705882352941,25.455844122715686,0.8242701774470521
3116406,Tyreek Hill,WR,12.6,7.824161296905888,14.525882352941176,12.639215686274511,3.0,4.0,2.0,-0.6666666666666696,1.0,1.610396248474932,0.8674171863610594
3117251,Christian McCaffrey,RB,2.8117647058823527,5.557526692799277,4.848235294117647,3.537254901960784,0.0,12.0,12.0,-12.333333333333332,1.0,0.5059381378276551,0.5799563212812424
3117256,Dalton Schultz,TE,6.358333333333333,5.03992394122504,7.6275,5.440277777777777,0.0,9.0,2.0,11.016666666666662,0.7058823529411765,1.2615931128095221,0.8336064678247569
3120348,JuJu Smith-Schuster,WR,0.0,0.0,5.45,3.8166666666666678,0.0,2.0,1.0,-7.6333333333333355,0.11764705882352941,0.0,0.0
3121023,Dallas Goedert,TE,5.535294117647059,7.514730631938063,5.478823529411764,5.949999999999999,1.0,11.0,9.0,-7.049999999999998,1.0,0.7365924859796998,1.0103070646338843
3121409,Noah Brown,WR,4.166666666666667,5.129571132170798,4.812222222222222,5.301851851851852,0.0,7.0,5.0,-10.216666666666667,0.5294117647058824,0.8122836313809656,0.8658508427614869
3121422,Terry McLaurin,WR,14.564705882352941,8.603991891592427,13.354705882352942,13.555882352941177,4.0,4.0,3.0,17.149999999999988,1.0,1.6927847057346894,1.0906047658899705
3121427,Curtis Samuel,WR,3.5,0.0,10.9,14.933333333333337,0.0,1.0,1.0,-11.433333333333337,0.058823529411764705,0.0,0.3211009174311926
3122976,Jeff Wilson Jr.,RB,3.2,0.0,6.85,3.5,0.0,1.0,0.0,-0.2999999999999998,0.058823529411764705,0.0,0.4671532846715329
3123076,David Njoku,TE,8.735294117647058,9.124071266194068,7.329411764705882,8.762745098039217,2.0,8.0,5.0,-0.46666666666667034,1.0,0.9573899482802724,1.1918138041733548
3125116,D'Onta Foreman,RB,1.1,0.8485281374238569,8.235,2.683333333333333,0.0,2.0,2.0,-3.166666666666666,0.11764705882352941,1.2963624321753373,0.13357619914996965
3126486,Deebo Samuel Sr.,WR,9.035294117647059,7.805522177957618,13.212941176470588,8.577450980392157,2.0,10.0,4.0,7.783333333333328,1.0,1.157551527194715,0.6838215653103018
3127292,Will Dissly,TE,7.6499999999999995,7.7633755544865926,9.105,13.320833333333333,0.0,1.0,1.0,-22.683333333333334,0.23529411764705882,0.9853961007436938,0.8401976935749588
3128390,Allen Lazard,WR,5.1875,7.008268925585926,4.765625,5.469791666666667,1.0,11.0,7.0,-4.516666666666667,0.9411764705882353,0.7401970522365905,1.0885245901639344
3128429,Courtland Sutton,WR,12.911764705882353,7.893630529811772,11.894705882352941,11.843137254901961,2.0,5.0,3.0,18.166666666666668,1.0,1.6357194141680003,1.085505167894763
3128720,Nick Chubb,RB,4.22,5.694006874399985,5.872,4.448888888888889,0.0,11.0,7.0,-3.433333333333331,0.8823529411764706,0.741130120332826,0.7186648501362398
3139477,Patrick Mahomes,QB,16.648235294117647,6.587712269155087,16.154117647058825,15.129803921568627,3.0,2.0,2.0,25.813333333333325,1.0,2.5271649115684407,1.0305877212147694
3139602,D'Ernest Johnson,RB,1.7363636363636366,3.0170425012825817,2.6563636363636363,4.136666666666667,1.0,9.0,8.0,-26.403333333333332,0.6470588235294118,0.5755184541236947,0.6536618754277893
3728262,Ray-Ray McCloud III,WR,7.877777777777778,5.496311894756742,7.154444444444445,8.416666666666666,0.0,5.0,1.0,-4.8499999999999925,0.5294117647058824,1.4332843420499586,1.1011026556918777
3886598,Jauan Jennings,WR,12.08,12.765869675483476,9.838666666666667,13.625555555555556,3.0,7.0,4.0,-23.18333333333333,0.8823529411764706,0.9462731726925999,1.2278086461580158
3895856,Christian Kirk,WR,9.0,6.9574899688513145,11.362857142857143,9.073809523809524,0.0,3.0,1.0,-0.5166666666666693,0.4117647058823529,1.293569957023726,0.7920543122957002
3912547,Sam Darnold,QB,17.324285714285715,9.136958519606564,15.723571428571429,16.015238095238097,5.0,4.0,1.0,18.326666666666668,0.8235294117647058,1.8960670202354926,1.101803479761959
3915416,DJ Moore,WR,12.705882352941176,7.535455409946641,13.251176470588236,12.902156862745098,4.0,4.0,1.0,-3.336666666666666,1.0,1.6861465779718743,0.9588493807431082
3915486,Tyler Conklin,TE,2.3,0.9899494936611667,8.835,7.666666666666667,0.0,1.0,1.0,-10.733333333333334,0.11764705882352941,2.3233508524700843,0.2603282399547255
3915511,Joe Burrow,QB,21.16705882352941,9.725214499373447,18.024117647058823,18.498823529411766,7.0,2.0,1.0,45.36,1.0,2.1765133123689058,1.1743742044972423
3916148,Tony Pollard,RB,11.441176470588236,6.647561472405633,12.894705882352941,13.498039215686275,2.0,3.0,1.0,-34.96666666666666,1.0,1.721108788249818,0.8872770402810091
3916387,Lamar Jackson,QB,23.96470588235294,8.723358095973605,20.725882352941177,22.438627450980395,12.0,2.0,2.0,25.943333333333324,1.0,2.747188137721207,1.1562695124027926
3916433,Jakobi Meyers,WR,10.84,6.992730919625446,10.201333333333334,11.729999999999999,2.0,4.0,3.0,-13.350000000000005,0.8823529411764706,1.5501811988184764,1.0626061952685921
3916945,Darius Slayton,WR,6.266666666666667,6.414254958034228,5.6816666666666675,9.344444444444443,0.0,2.0,2.0,-18.466666666666665,0.35294117647058826,0.9769905792125244,1.1029627456732178
3917315,Kyler Murray,QB,15.844705882352942,7.793158953247921,17.271764705882354,15.056078431372548,6.0,3.0,2.0,13.406666666666673,1.0,2.0331557430571094,0.917376200531299
3918298,Josh Allen,QB,22.296470588235294,12.551096038382699,20.44764705882353,22.23313725490196,9.0,1.0,1.0,1.076666666666675,1.0,1.7764560577060455,1.0904174218233078
3925357,Calvin Ridley,WR,11.111764705882353,7.968836360547032,11.867647058823529,11.560196078431373,4.0,5.0,3.0,-7.623333333333333,1.0,1.3944024200190215,0.9363073110285006
3929630,Saquon Barkley,RB,20.900000000000002,12.300812981262663,18.10235294117647,21.127450980392158,7.0,1.0,1.0,-3.8666666666666742,1.0,1.6990746897653137,1.1545460453629688
3929645,Juwan Johnson,TE,6.175,5.785387997854102,7.31625,7.483333333333333,0.0,5.0,2.0,-10.466666666666667,0.47058823529411764,1.0673441439520412,0.8440116179736886
3929785,Nick Westbrook-Ikhine,WR,5.55,3.295957119462165,9.1875,4.45,0.0,2.0,0.0,4.399999999999999,0.23529411764705882,1.6838811303787986,0.6040816326530613
3932905,Diontae Johnson,WR,5.052941176470589,8.581383749653869,7.5576470588235285,5.666666666666666,2.0,14.0,9.0,-10.433333333333325,1.0,0.5888259194415353,0.6685865504358656
4032473,Rashid Shaheed,WR,4.694117647058824,7.863083888354118,4.169411764705882,5.698039215686274,1.0,12.0,12.0,-17.066666666666666,1.0,0.5969817585198605,1.1258465011286682
4035538,David Montgomery,RB,13.042352941176471,7.575519395899338,11.855882352941178,13.860980392156861,3.0,3.0,3.0,-13.916666666666668,1.0,1.7216447162997635,1.1000744232200446
4035676,Zack Moss,RB,9.100000000000001,7.161005515987261,10.972222222222221,9.944444444444445,1.0,3.0,2.0,-7.600000000000003,0.5294117647058824,1.2707712596623266,0.829367088607595
4035687,Michael Pittman Jr.,WR,8.976470588235294,6.787997625567194,10.590588235294117,7.798039215686274,0.0,7.0,3.0,20.033333333333335,1.0,1.3224033188263284,0.8475894245723172
4035886,Khalil Herbert,RB,0.9090909090909091,2.599405526444285,2.6563636363636363,2.2712121212121215,1.0,9.0,9.0,-14.983333333333334,0.6470588235294118,0.3497303132745318,0.3422313483915127
4036133,T.J. Hockenson,TE,4.917647058823529,5.985005774236734,5.960588235294118,3.83921568627451,0.0,13.0,9.0,18.333333333333332,1.0,0.8216612054063849,0.8250271390506266
4036378,Jordan Love,QB,13.594117647058823,8.288765784801384,13.428823529411764,13.303529411764705,3.0,4.0,3.0,4.939999999999991,1.0,1.6400653607543774,1.0123089053396994
4038441,Justice Hill,RB,6.108333333333334,6.1102683073559705,6.0825,6.905277777777779,0.0,7.0,3.0,-9.56333333333334,0.7058823529411765,0.999683324213389,1.0042471571448146
4038815,Rico Dowdle,RB,10.670588235294119,6.462368442169863,10.054117647058822,10.195098039215686,2.0,5.0,3.0,8.083333333333336,1.0,1.6511884660836926,1.0613152351977535
4038941,Justin Herbert,QB,17.9825,5.844190644196532,17.18,16.43875,2.0,0.0,0.0,12.349999999999998,0.47058823529411764,3.0769872331008226,1.0467112922002328
4040655,Darnell Mooney,WR,11.36470588235294,8.508153528856202,11.55235294117647,11.99313725490196,3.0,6.0,2.0,-10.683333333333334,1.0,1.3357429251609616,0.9837568104282296
4040715,Jalen Hurts,QB,18.536470588235293,10.224715730263894,18.51529411764706,19.216470588235296,8.0,3.0,1.0,-11.56000000000001,1.0,1.812908160700217,1.0011437285550897
4040761,Devin Singletary,RB,5.483333333333333,5.916822447799822,7.020833333333333,6.885833333333333,0.0,9.0,4.0,-16.83,0.7058823529411765,0.9267361631533017,0.7810089020771513
4045163,Miles Sanders,RB,3.409090909090909,3.761503567844791,5.020909090909091,4.177272727272727,0.0,9.0,6.0,-8.449999999999996,0.6470588235294118,0.9063106940090444,0.6789788158609451
4047365,Josh Jacobs,RB,16.558823529411764,7.613561816220564,15.460588235294116,15.418627450980393,8.0,3.0,2.0,19.383333333333326,1.0,2.174911549825927,1.0710345089982118
4047646,A.J. Brown,WR,12.758823529411766,9.28466873557758,12.491176470588234,12.763725490196078,5.0,5.0,4.0,-0.08333333333333215,1.0,1.37418187904989,1.0214268895691077
4047650,DK Metcalf,WR,10.405882352941177,7.837368068126831,11.990588235294117,11.066666666666666,2.0,5.0,3.0,-11.233333333333322,1.0,1.3277266376272454,0.867837519623234
4048244,Alexander Mattison,RB,7.978571428571429,6.010526480386603,8.132857142857143,8.075,0.0,6.0,3.0,-1.3500000000000032,0.8235294117647058,1.3274330384546011,0.9810293342701564
4239993,Tee Higgins,WR,12.51764705882353,12.631074543270143,9.532352941176471,9.394117647058822,2.0,9.0,6.0,53.099999999999994,1.0,0.9910199655573209,1.3131749460043196
4239996,Travis Etienne Jr.,RB,7.129411764705883,4.987705472695129,10.88529411764706,8.451960784313727,1.0,8.0,4.0,-22.483333333333338,1.0,1.4293971052892729,0.6549581194271819
4240021,Cam Akers,RB,9.040000000000001,3.3849667649771686,9.292,8.72,0.0,2.0,0.0,1.6000000000000005,0.29411764705882354,2.6706318341240713,0.9728798966853207
4240391,Tommy DeVito,QB,10.76,0.0,15.24,10.0,0.0,0.0,0.0,0.7599999999999998,0.058823529411764705,0.0,0.7060367454068242
4240472,Noah Gray,TE,8.35,2.4748737341529163,7.359999999999999,8.68,0.0,1.0,0.0,-0.6600000000000001,0.11764705882352941,3.373909498804384,1.1345108695652175
4241372,Hollywood Brown,WR,0.0,0.0,0.0,0.759090909090909,0.0,10.0,10.0,-8.35,0.6470588235294118,0.0,0.0
4241389,CeeDee Lamb,WR,15.494117647058825,9.755028869013875,16.315882352941177,15.139215686274511,4.0,3.0,2.0,6.033333333333331,1.0,1.5883210449817058,0.9496340628041967
4241401,Trey Sermon,RB,3.733333333333334,1.8929694486000914,8.673333333333334,7.333333333333335,0.0,3.0,1.0,-10.800000000000002,0.17647058823529413,1.9722100301693974,0.4304381245196003
4241416,Chuba Hubbard,RB,14.211764705882352,9.943772068042211,13.147647058823528,13.164705882352942,6.0,4.0,3.0,17.8,1.0,1.4292126376827188,1.08093597601897
4241457,Najee Harris,RB,11.117647058823529,6.12201307721954,12.312941176470588,11.62843137254902,2.0,4.0,2.0,-8.683333333333325,1.0,1.8160116482261546,0.9029237531052934
4241463,Jerry Jeudy,WR,13.447058823529412,10.167725756471972,10.270588235294117,12.629411764705884,3.0,5.0,1.0,13.89999999999999,1.0,1.3225237526661333,1.309278350515464
4241474,Brian Robinson Jr.,RB,9.24705882352941,7.05621336545484,11.25529411764706,10.357843137254903,2.0,6.0,5.0,-18.883333333333336,1.0,1.3104845821131643,0.8215741611790529
4241478,DeVonta Smith,WR,11.729411764705883,10.020277235803057,10.280588235294118,10.382352941176471,3.0,7.0,5.0,22.900000000000006,1.0,1.1705675889680962,1.14092807690107
4241479,Tua Tagovailoa,QB,14.12,11.093934278594668,12.999,17.105333333333334,5.0,3.0,1.0,-29.85333333333333,0.5882352941176471,1.2727675904159639,1.0862374028771442
4241555,Elijah Mitchell,RB,0.0,0.0,0.0,1.3616666666666666,0.0,4.0,4.0,-5.446666666666666,0.23529411764705882,0.0,0.0
4241985,J.K. Dobbins,RB,10.66470588235294,8.655774169338535,10.452352941176471,11.084313725490196,3.0,6.0,6.0,-7.133333333333338,1.0,1.2320915118292561,1.0203162811638244
4242335,Jonathan Taylor,RB,12.923529411764704,11.321358653655748,13.07470588235294,10.522549019607842,2.0,5.0,4.0,40.81666666666668,1.0,1.1415175339924069,0.9884374859405228
4242355,Jake Ferguson,TE,5.952941176470588,5.25429796060554,7.912941176470589,7.051960784313726,1.0,10.0,5.0,-18.683333333333334,1.0,1.1329660443894072,0.752304490038656
4242431,Ty Chandler,RB,3.1624999999999996,3.4020739472940833,5.7,4.7625,0.0,6.0,4.0,-12.799999999999999,0.47058823529411764,0.9295800294156938,0.5548245614035087
4242433,Joshua Palmer,WR,3.7,0.2828427124746188,11.51,1.8166666666666667,0.0,2.0,1.0,3.7666666666666666,0.11764705882352941,13.08147545195114,0.3214596003475239
4242557,Colby Parkinson,TE,12.2,0.0,10.24,3.7,0.0,1.0,0.0,8.5,0.058823529411764705,0.0,1.19140625
4243331,Cade Otton,TE,8.370000000000001,9.779462607366975,7.742,12.23,2.0,5.0,2.0,-38.599999999999994,0.5882352941176471,0.8558752495965156,1.0811159907000776
4243537,Gabe Davis,WR,4.146153846153846,5.987572600063037,7.653076923076923,4.908974358974358,1.0,10.0,7.0,-9.91666666666666,0.7647058823529411,0.6924598870183545,0.5417629912554026
4248528,Christian Watson,WR,6.194117647058824,6.200753037760344,8.195294117647059,6.465686274509804,0.0,8.0,8.0,-4.616666666666672,1.0,0.9989299056645035,0.7558139534883721
4249417,Jalen Tolbert,WR,6.425,3.578407467016578,6.99,5.960416666666667,0.0,4.0,2.0,3.716666666666664,0.47058823529411764,1.7954914467459202,0.919170243204578
4250764,Stone Smartt,TE,8.0,0.0,7.22,6.8,0.0,1.0,0.0,1.2000000000000002,0.058823529411764705,0.0,1.10803324099723
4258173,Nico Collins,WR,11.517647058823528,10.524687364366082,10.867647058823529,11.745098039215685,3.0,6.0,6.0,-3.8666666666666583,1.0,1.094345766299848,1.0598105548037888
4258595,Cole Kmet,TE,5.713333333333334,6.452891562997904,6.470666666666667,6.293333333333333,1.0,9.0,4.0,-8.7,0.8823529411764706,0.8853911889817991,0.8829589944364311
4259545,D'Andre Swift,RB,11.882352941176471,7.4216099410873815,13.908235294117647,11.198039215686274,2.0,5.0,2.0,11.633333333333336,1.0,1.6010478906192045,0.8543393672813399
4262921,Justin Jefferson,WR,18.181176470588234,8.688168594670096,17.51058823529412,16.945882352941176,8.0,2.0,1.0,21.000000000000018,1.0,2.0926362411684534,1.0382961569470572
4360248,Kyle Pitts,TE,7.485714285714286,7.35577817280215,8.867857142857144,9.823809523809524,1.0,6.0,5.0,-32.733333333333334,0.8235294117647058,1.0176644958371055,0.8441401530406766
4360294,Antonio Gibson,RB,5.522222222222222,3.987724218704755,7.804444444444444,5.616666666666667,0.0,6.0,3.0,-0.8500000000000041,0.5294117647058824,1.3848054477588434,0.7075740318906607
4360310,Trevor Lawrence,QB,11.047999999999998,7.643802718542649,12.292,10.251333333333331,1.0,1.0,1.0,3.983333333333336,0.29411764705882354,1.4453538908322827,0.8987959648551903
4360438,Brandon Aiyuk,WR,5.672727272727273,6.682079153839905,9.157272727272726,7.091212121212121,1.0,8.0,4.0,-15.603333333333337,0.6470588235294118,0.8489464345042065,0.6194778119726001
4360516,Tyrone Tracy Jr.,RB,9.98125,7.715457968692894,9.98,8.692708333333334,2.0,8.0,4.0,20.616666666666667,0.9411764705882353,1.2936691561928064,1.0001252505010019
4360569,Jordan Mason,RB,6.764705882352941,7.995697372373983,7.689411764705882,8.625490196078431,2.0,8.0,8.0,-31.633333333333333,1.0,0.8460432614327984,0.8797429620563035
4360635,Chig Okonkwo,TE,10.9,0.0,10.14,0.0,0.0,1.0,1.0,10.9,0.058823529411764705,0.0,1.0749506903353057
4360761,Michael Wilson,WR,7.5,4.231784493567696,8.76,8.761111111111111,0.0,2.0,0.0,-7.566666666666666,0.35294117647058826,1.7723019712842147,0.8561643835616438
4360797,Tutu Atwell,WR,6.6,6.138946706615612,6.2675,8.154166666666667,0.0,2.0,1.0,-6.216666666666668,0.23529411764705882,1.0751029965592527,1.0530514559234143
4360939,Rashod Bateman,WR,9.29375,7.332800170012363,7.369375,9.104166666666668,2.0,7.0,2.0,3.033333333333319,0.9411764705882353,1.2674216921943382,1.2611313713849546
4361050,Isaiah Likely,TE,8.628571428571428,9.10672174563278,6.812857142857142,11.692857142857145,1.0,5.0,2.0,-21.450000000000003,0.4117647058823529,0.9474947922625775,1.26651289578528
4361307,Trey McBride,TE,13.547058823529412,8.533032699973882,11.831176470588234,12.281372549019608,3.0,5.0,2.0,21.51666666666668,1.0,1.5876018878459093,1.145030577238602
4361370,Chris Olave,WR,4.511764705882353,7.478626407381002,6.652941176470588,5.828431372549019,2.0,12.0,10.0,-22.383333333333326,1.0,0.6032878847149636,0.67816091954023
4361409,Jahan Dotson,WR,1.35,1.5269016246728442,4.54875,1.2458333333333333,0.0,8.0,5.0,0.8333333333333333,0.47058823529411764,0.8841434039925478,0.2967848309975268
4361411,Pat Freiermuth,TE,8.53,3.7635828083829317,8.331999999999999,7.55,0.0,4.0,1.0,9.799999999999994,0.5882352941176471,2.266457371683291,1.0237638022083533
4361418,Will Levis,QB,7.02,0.0,17.24,8.933333333333332,0.0,0.0,0.0,-1.9133333333333322,0.058823529411764705,0.0,0.4071925754060325
4361432,Romeo Doubs,WR,7.770588235294118,6.765423555281143,7.530588235294118,7.314901960784313,0.0,8.0,4.0,7.746666666666666,1.0,1.1485737990828875,1.0318700203093265
4361529,Isiah Pacheco,RB,3.3470588235294123,5.401402323362288,5.158823529411764,4.665686274509803,0.0,13.0,10.0,-22.416666666666668,1.0,0.6196647876149912,0.6488027366020526
4361579,Javonte Williams,RB,8.652941176470588,6.8609508859066715,10.930588235294117,8.458823529411765,1.0,8.0,2.0,3.2999999999999927,1.0,1.2611868705028786,0.7916263050263697
4361741,Brock Purdy,QB,15.1725,9.712262695513681,16.3125,13.388541666666667,5.0,5.0,4.0,28.543333333333333,0.9411764705882353,1.5622003312377999,0.9301149425287356
4361777,Zamir White,RB,3.0714285714285716,2.4363321378076273,8.145714285714286,5.889523809523809,1.0,6.0,2.0,-19.726666666666667,0.4117647058823529,1.260677279491312,0.37706068046299546
4362238,Chase Brown,RB,15.0,8.234303249213013,12.75294117647059,13.531372549019608,5.0,4.0,1.0,24.96666666666666,1.0,1.8216477516095382,1.1761992619926198
4362249,Jayden Reed,WR,11.288235294117648,9.111523085696293,11.841764705882353,13.273529411764706,2.0,5.0,2.0,-33.75,1.0,1.2388966353867295,0.9532561720729223
4362628,Ja'Marr Chase,WR,22.2,14.071202862584277,18.318823529411766,20.969607843137254,8.0,2.0,2.0,20.916666666666664,1.0,1.5776902811223354,1.2118682165564187
4362887,Justin Fields,QB,8.503333333333332,10.113732578364264,9.858333333333333,13.86,1.0,2.0,2.0,-32.14,0.35294117647058826,0.8407710276544222,0.862552831783601
4366031,Tank Dell,WR,8.235294117647058,6.984352258483834,9.898823529411764,7.719607843137256,1.0,7.0,5.0,8.766666666666667,1.0,1.1791063527249381,0.831946755407654
4368003,Andrei Iosivas,WR,2.9333333333333336,2.5890796305508514,8.043333333333335,5.866666666666667,0.0,3.0,1.0,-8.799999999999999,0.17647058823529413,1.1329637368894825,0.36469125569830085
4369863,Cedric Tillman,WR,6.544444444444444,10.589630672397304,4.774444444444445,9.907407407407407,1.0,6.0,5.0,-30.266666666666666,0.5294117647058824,0.6180049755184615,1.3707237607633234
4372016,Jaylen Waddle,WR,8.270588235294117,7.74215447290694,9.6,9.148039215686273,2.0,7.0,5.0,-14.916666666666664,1.0,1.0682540970005687,0.8615196078431373
4372019,Jerome Ford,RB,9.618181818181817,8.504095270141107,9.92090909090909,8.943939393939393,1.0,4.0,4.0,7.416666666666671,0.6470588235294118,1.1310058874754614,0.9694859342069092
4372096,Luke Schoonmaker,TE,11.4,4.384062043356594,8.79,14.7,0.0,1.0,1.0,-6.6,0.11764705882352941,2.6003281630731108,1.2969283276450514
4372414,Elijah Moore,WR,6.911111111111111,7.132398692663719,8.147777777777778,8.218518518518518,0.0,6.0,2.0,-11.766666666666667,0.5294117647058824,0.9689743112958309,0.8482203736533479
4372561,Isaac Guerendo,RB,13.05,10.992270011239716,10.5075,15.270833333333332,1.0,2.0,2.0,-8.883333333333331,0.23529411764705882,1.1871979115011033,1.2419700214132763
4373626,Tyler Allgeier,RB,5.723529411764706,4.836906218307926,6.8488235294117645,6.041176470588235,0.0,11.0,3.0,-5.400000000000003,1.0,1.1833037800279995,0.8356952675427296
4373678,Khalil Shakir,WR,10.735294117647058,6.590992070287161,9.781176470588235,10.88823529411765,1.0,5.0,3.0,-2.6000000000000245,1.0,1.6287827391027851,1.0975463074332452
4374302,Amon-Ra St. Brown,WR,17.79294117647059,10.116600074077434,16.36294117647059,16.077254901960785,6.0,3.0,1.0,29.16666666666666,1.0,1.758786652253147,1.0873926016464752
4379399,James Cook,RB,15.170588235294117,9.360873670889536,13.996470588235294,15.335294117647058,4.0,4.0,2.0,-2.7999999999999936,1.0,1.6206380695502434,1.083886694124569
4385690,Dalton Kincaid,TE,5.929411764705883,4.5016336903787435,8.141764705882352,6.7254901960784315,0.0,8.0,5.0,-13.533333333333328,1.0,1.317168870798773,0.7282710786792862
4421446,Craig Reynolds,RB,5.949999999999999,3.747665940288702,5.285,4.85,0.0,2.0,0.0,2.2,0.11764705882352941,1.587654848324512,1.1258278145695362
4426338,Bo Nix,QB,16.72888888888889,7.982381293267763,15.450000000000001,14.842962962962964,2.0,1.0,1.0,16.973333333333333,0.5294117647058824,2.0957266101780703,1.0827759798633585
4426348,Jayden Daniels,QB,20.68235294117647,9.703919008197001,20.30235294117647,19.617254901960784,10.0,2.0,1.0,18.10666666666666,1.0,2.131340226943967,1.0187170423596223
4426354,George Pickens,WR,9.611764705882353,7.29193752998313,10.713529411764705,11.612549019607842,3.0,6.0,4.0,-34.01333333333333,1.0,1.3181359091956715,0.8971613682534454
4426385,Zach Charbonnet,RB,10.458823529411765,9.767296121722314,9.988235294117647,10.36470588235294,2.0,8.0,3.0,1.6000000000000032,1.0,1.0708002909988061,1.0471142520612484
4426386,Roschon Johnson,RB,5.0,3.099462318962221,6.5425,6.262499999999999,0.0,3.0,1.0,-5.049999999999999,0.23529411764705882,1.6131830251364783,0.7642338555598013
4426388,Jameson Williams,WR,11.929411764705883,9.260518661627595,9.536470588235295,10.819607843137256,3.0,5.0,5.0,18.866666666666674,1.0,1.288201255307358,1.2509252405625464
4426485,Jonathan Mingo,WR,3.0500000000000003,2.9240383034426896,7.4399999999999995,9.020833333333334,1.0,3.0,1.0,-23.883333333333333,0.23529411764705882,1.0430779912865733,0.40994623655913986
4426502,Drake London,WR,14.123529411764705,7.482941384556335,14.932941176470589,12.855882352941178,1.0,3.0,2.0,21.549999999999997,1.0,1.887430180986523,0.9457968959268888
4426515,Puka Nacua,WR,12.152941176470588,12.204564599313796,11.241176470588234,11.164705882352942,3.0,7.0,7.0,16.799999999999997,1.0,0.9957701544841583,1.0811093668236524
4427095,DeMario Douglas,WR,8.311764705882354,5.682746073966043,8.381764705882354,8.166666666666668,2.0,7.0,2.0,2.4666666666666623,1.0,1.4626317272841813,0.9916485367394203
4427366,Breece Hall,RB,13.100000000000001,9.14460223301156,15.701764705882354,13.69901960784314,4.0,5.0,2.0,-10.183333333333337,1.0,1.4325390723622349,0.834301127636459
4427985,Bub Means,WR,6.7,0.0,7.44,11.133333333333333,0.0,1.0,0.0,-4.433333333333333,0.058823529411764705,0.0,0.9005376344086021
4428209,Ricky Pearsall,WR,7.25,8.678133439859058,7.272500000000001,8.479166666666666,0.0,2.0,1.0,-4.916666666666665,0.23529411764705882,0.8354331090024985,0.996906153317291
4428331,Rashee Rice,WR,8.1125,11.722071672094241,8.553749999999999,11.020833333333334,1.0,5.0,5.0,-23.26666666666667,0.47058823529411764,0.6920704997319503,0.9484144381119394
4428557,Tyjae Spears,RB,7.1,8.123710154028556,6.9575,5.230208333333334,2.0,10.0,6.0,29.916666666666668,0.9411764705882353,0.8739848991878547,1.020481494789795
4428718,Tre Tucker,WR,2.3,3.2526911934581184,10.855,12.650000000000002,0.0,1.0,0.0,-20.700000000000003,0.11764705882352941,0.7071067811865475,0.21188392445877474
4428850,Dontayvion Wicks,WR,5.381818181818182,8.066327315676967,6.420909090909091,5.766666666666667,1.0,8.0,6.0,-4.233333333333333,0.6470588235294118,0.6671956109887307,0.8381707489735241
4429013,Tank Bigsby,RB,6.929411764705883,7.922339041113612,6.503529411764706,6.614705882352941,2.0,10.0,7.0,5.350000000000003,1.0,0.8746674093023722,1.0654848046309695
4429022,Kayshon Boutte,WR,6.983333333333333,7.409026026858502,7.503333333333333,4.808333333333333,1.0,4.0,2.0,13.05,0.35294117647058826,0.9425440412839707,0.9306974677920925
4429023,MarShawn Lloyd,RB,0.5599999999999999,1.2521980673998823,0.22999999999999998,2.7333333333333334,0.0,5.0,3.0,-10.866666666666667,0.29411764705882354,0.44721359549995787,2.4347826086956523
4429025,Quentin Johnston,WR,8.384615384615385,7.189905673215998,9.186923076923076,7.811538461538461,1.0,7.0,5.0,7.450000000000004,0.7647058823529411,1.166164865813184,0.9126685087498954
4429084,Anthony Richardson,QB,10.209999999999999,9.636342321302898,11.465625,11.155208333333333,4.0,6.0,4.0,-15.123333333333333,0.9411764705882353,1.0595306455052895,0.8904878713545925
4429096,Blake Corum,RB,1.4333333333333331,1.5451537140362444,2.891111111111111,2.1637037037037037,0.0,9.0,6.0,-6.573333333333335,0.5294117647058824,0.9276315490898219,0.49577248270561103
4429148,Theo Johnson,TE,8.65,2.4748737341529163,8.379999999999999,4.483333333333333,0.0,2.0,0.0,8.333333333333334,0.11764705882352941,3.4951278041506493,1.032219570405728
4429160,De'Von Achane,RB,16.576470588235296,10.172728825870957,16.545294117647057,16.658823529411762,8.0,3.0,1.0,-1.4000000000000004,1.0,1.6295008814231389,1.001884310449035
4429205,Jordan Addison,WR,12.441176470588236,10.866177963268031,9.631176470588235,11.826470588235296,3.0,8.0,3.0,10.449999999999996,1.0,1.144945031513778,1.29176082574971
4429275,Trey Benson,RB,2.75,0.0707106781186545,5.33,9.183333333333334,0.0,1.0,0.0,-12.866666666666669,0.11764705882352941,38.89087296526025,0.5159474671669794
4429501,Ray Davis,RB,6.414285714285714,6.4821479278277625,4.0878571428571435,6.266666666666667,0.0,9.0,4.0,2.0666666666666673,0.8235294117647058,0.9895309063758454,1.5691071116547264
4429615,Zay Flowers,WR,12.141176470588235,8.11049157137912,13.540000000000001,12.115686274509804,3.0,5.0,3.0,0.43333333333332735,1.0,1.4969717141970633,0.8966895473108002
4429795,Jahmyr Gibbs,RB,18.641176470588235,7.660455177690929,16.37764705882353,17.188235294117646,5.0,2.0,1.0,24.70000000000001,1.0,2.433429350892331,1.138208462035773
4430027,Sam LaPorta,TE,9.488235294117647,6.257283990772392,9.42235294117647,9.509803921568627,1.0,7.0,2.0,-0.36666666666666625,1.0,1.5163504338479656,1.0069921338494194
4430034,Xavier Legette,WR,7.005882352941177,5.524204760442368,8.025294117647059,7.8539215686274515,0.0,8.0,4.0,-14.416666666666671,1.0,1.2682155453593578,0.8729751520926483
4430104,Sincere McCormick,RB,7.7,4.525483399593905,9.715,7.233333333333333,0.0,0.0,0.0,0.9333333333333336,0.11764705882352941,1.7014756922301297,0.7925887802367473
4430539,Brenton Strange,TE,1.1,1.5556349186104046,9.32,4.95,0.0,2.0,1.0,-7.7,0.11764705882352941,0.7071067811865476,0.11802575107296139
4430637,Ja'Lynn Polk,WR,1.6,0.0,9.56,1.1,0.0,1.0,1.0,0.5,0.058823529411764705,0.0,0.16736401673640167
4430737,Kyren Williams,RB,16.00588235294118,7.059786698994108,17.02235294117647,14.962745098039216,4.0,2.0,2.0,17.733333333333327,1.0,2.2671906440490233,0.9402861289653743
4430807,Bijan Robinson,RB,18.258823529411764,7.606087925432612,18.571176470588235,17.477450980392156,8.0,1.0,1.0,13.283333333333358,1.0,2.4005538337729977,0.9831807671597352
4430834,Jalen McMillan,WR,8.15,9.93976860897677,8.74,7.272222222222222,1.0,3.0,3.0,5.266666666666669,0.35294117647058826,0.819938604268876,0.9324942791762014
4430878,Jaxon Smith-Njigba,WR,14.57058823529412,9.241940049705631,12.653529411764707,14.107843137254903,5.0,4.0,1.0,7.866666666666664,1.0,1.5765724682187494,1.1515038817349263
4430968,Kimani Vidal,RB,2.8,1.0099504938362078,6.92,5.333333333333334,0.0,5.0,1.0,-12.666666666666668,0.29411764705882354,2.772413120334688,0.40462427745664736
4431299,Rome Odunze,WR,8.299999999999999,6.445153217728807,9.91,7.988235294117648,2.0,9.0,3.0,5.299999999999997,1.0,1.287789400749858,0.8375378405650857
4431452,Drake Maye,QB,14.57,3.6464229047108616,16.0075,12.781666666666668,0.0,1.0,0.0,7.1533333333333315,0.23529411764705882,3.9956967090067437,0.9101983445260035
4431611,Caleb Williams,QB,9.0,2.0730010451838496,16.25,9.532499999999999,0.0,0.0,0.0,-2.129999999999999,0.23529411764705882,4.341531819730371,0.5538461538461539
4432577,C.J. Stroud,QB,12.610588235294117,5.602263460633831,15.702941176470588,13.012941176470589,1.0,2.0,1.0,-6.840000000000003,1.0,2.250980933672008,0.8030717362802023
4432665,Brock Bowers,TE,14.570588235294117,8.740263490441976,12.273529411764706,14.190196078431372,4.0,4.0,1.0,6.4666666666666615,1.0,1.6670651006377515,1.1871555236041216
4432708,Marvin Harrison Jr.,WR,10.541176470588235,8.399409117873219,12.818235294117647,10.388235294117647,2.0,7.0,3.0,2.600000000000004,1.0,1.2549902407012798,0.8223578541599743
4432773,Brian Thomas Jr.,WR,15.688235294117646,9.02558047668827,12.231764705882354,13.934313725490195,5.0,4.0,1.0,29.816666666666674,1.0,1.738196821205907,1.28258151389824
4567048,Kenneth Walker III,RB,10.658823529411764,10.045089523215399,10.709411764705882,12.699019607843137,4.0,6.0,5.0,-34.68333333333333,1.0,1.0610979130427811,0.9952762825442161
4569173,Rhamondre Stevenson,RB,10.347058823529412,8.269077763500809,12.331764705882351,11.170588235294119,3.0,6.0,4.0,-14.0,1.0,1.2512953825637827,0.8390574317878269
4569382,Jordan Whittington,WR,0.0,0.0,10.13,7.300000000000001,0.0,1.0,1.0,-7.300000000000001,0.058823529411764705,0.0,0.0
4569587,Wan'Dale Robinson,WR,9.549999999999999,5.421148047586061,10.195714285714287,8.710714285714285,0.0,4.0,2.0,11.75,0.8235294117647058,1.7616194791530257,0.9366680678156086
4569618,Garrett Wilson,WR,14.282352941176471,7.984691234960001,14.588823529411764,13.968627450980392,3.0,2.0,1.0,5.333333333333329,1.0,1.7887169986790374,0.9789927825490908
4569682,Audric Estime,RB,5.5,0.0,8.52,14.533333333333337,0.0,0.0,0.0,-9.033333333333337,0.058823529411764705,0.0,0.6455399061032864
4569987,Jaylen Warren,RB,7.176470588235294,5.375468515832447,8.299999999999999,6.216666666666667,0.0,8.0,4.0,16.316666666666666,1.0,1.3350409489141886,0.8646350106307583
4572680,Tucker Kraft,TE,9.592307692307692,6.889177689011167,8.081538461538461,10.883333333333335,1.0,4.0,2.0,-16.783333333333335,0.7647058823529411,1.3923733898761603,1.18694079573577
4573697,Mason Tipton,WR,0.0,0.0,4.105,3.6999999999999997,0.0,1.0,1.0,-7.3999999999999995,0.11764705882352941,0.0,0.0
4595348,Malik Nabers,WR,15.070588235294117,10.362900457031946,13.846470588235295,12.78137254901961,4.0,4.0,4.0,38.91666666666666,1.0,1.4542828330525628,1.0884064743616975
4596448,Bucky Irving,RB,13.411764705882353,8.330282284603353,10.606470588235295,13.02941176470588,3.0,5.0,2.0,6.500000000000014,1.0,1.610001227770033,1.2644889357218123
4597500,Adonai Mitchell,WR,2.6,1.9798989873223334,7.455,9.683333333333334,1.0,1.0,1.0,-14.166666666666668,0.11764705882352941,1.3131983079178737,0.3487592219986586
4599739,Kendre Miller,RB,1.8,2.3416518386244642,3.8785714285714286,1.0523809523809524,0.0,7.0,4.0,5.2333333333333325,0.4117647058823529,0.7686881415545354,0.4640883977900553
4612826,Ladd McConkey,WR,13.200000000000001,8.548976546932387,11.260000000000002,11.587254901960785,2.0,4.0,2.0,27.416666666666643,1.0,1.544044474509236,1.172291296625222
4635008,Keon Coleman,WR,5.5625,5.559601304650062,7.193125,6.307291666666667,1.0,9.0,6.0,-11.916666666666671,0.9411764705882353,1.0005213854719246,0.773307846033539
4678008,Jonathon Brooks,RB,0.5357142857142857,1.9008529028417107,1.092857142857143,0.7214285714285714,0.0,12.0,12.0,-2.6,0.8235294117647058,0.28182837552206746,0.49019607843137253
4682745,Jaylen Wright,RB,0.7000000000000001,0.8888194417315589,2.8266666666666667,0.9,0.0,3.0,3.0,-0.6000000000000001,0.17647058823529413,0.7875615306482168,0.24764150943396226
4683062,Xavier Worthy,WR,11.011764705882353,7.645495598139893,10.505882352941176,9.57843137254902,2.0,7.0,4.0,24.366666666666664,1.0,1.440294427553062,1.0481522956326987
4685247,Braelon Allen,RB,3.9066666666666667,3.7870958844601805,5.914666666666666,5.64,1.0,11.0,7.0,-26.0,0.8823529411764706,1.0315732122593273,0.6605049594229035
4686472,Marvin Mims Jr.,WR,1.3,1.1269427669584644,4.58,0.8999999999999998,0.0,3.0,2.0,1.2000000000000006,0.17647058823529413,1.153563462240948,0.2838427947598253
4688813,Josh Downs,WR,9.652941176470588,8.33442541863706,8.450000000000001,8.709803921568627,2.0,9.0,6.0,16.03333333333333,1.0,1.1582011586407772,1.142359902540898
4697815,Rachaad White,RB,11.741176470588234,7.903880283089552,11.407058823529411,12.140196078431373,2.0,4.0,2.0,-6.783333333333335,1.0,1.4854952314635412,1.0292904290429044
4714365,Carson Steele,RB,4.0,6.222539674441618,11.16,9.116666666666667,0.0,1.0,0.0,-10.233333333333334,0.11764705882352941,0.642824346533225,0.35842293906810035
4722893,Jaleel McLaughlin,RB,4.1125,2.673380684772426,6.2425,4.470833333333333,0.0,7.0,4.0,-2.8666666666666636,0.47058823529411764,1.538314398478599,0.65879054865839
4887558,Emanuel Wilson,RB,9.9,0.0,3.93,2.4999999999999996,0.0,1.0,0.0,7.4,0.058823529411764705,0.0,2.519083969465649
